UniqueID,UsageFrequency,TotalDuration,AverageDuration,TimeSinceLastUse,FirstBorrowDate,CurrentAge,NumericalFrequency,Estimated Useful Life,RemainingUsefulLife,Calibration Due,NextCalibrationDate,NextMaintenanceDate,DepreciationDate,PredictedRUL,Equipment Health
ENB201BEaH1,25,872.6,34.904,332.0236157618519,2019-04-11,5.325119780971937,1.0,10.0,4.674880219028063,,2025-08-07 00:34:00.401824,2025-08-07,2029-04-11,3.981108829568788,39.81108829568788
ENB201DORDG1D11,15,854.25,56.95,331.0236157618519,2018-03-08,6.417522245037645,1.0,10.0,3.5824777549623548,,2025-08-07 00:34:00.401824,2025-08-07,2028-03-08,3.7106091718001366,37.106091718001366
ENB201DORDS1EU2,15,123.033333333,8.2022222222,331.0236157618519,2018-04-03,6.346338124572211,1.0,10.0,3.6536618754277894,,2025-08-07 00:34:00.401824,2025-08-07,2028-04-03,3.108966461327858,31.08966461327858
ENB201DPSM160801,3,8.266666665999999,2.755555555333333,332.0236157618519,2019-09-12,4.903490759753593,2.0,10.0,5.096509240246407,,2025-08-07 00:34:00.401824,2025-02-05,2029-09-12,4.283367556468172,42.83367556468172
ENB201FGMSO6031,60,3196.199999994,53.2699999999,241.02361576185186,2018-03-06,6.422997946611909,4.0,10.0,3.5770020533880906,,2025-08-07 00:34:00.401824,2024-11-06,2028-03-06,4.779876796714579,47.79876796714579
ENB201FGMSO6032,59,4778.733333333,80.99548022598304,241.02361576185186,2018-03-05,6.425735797399041,4.0,10.0,3.5742642026009586,,2025-08-07 00:34:00.401824,2024-11-06,2028-03-05,4.779876796714579,47.79876796714579
ENB201M1,2,28.283333333,14.1416666665,,,,2.0,10.0,,,2025-08-07 00:34:00.401824,2025-02-05,,0.0,0.0
ENB204AN1,1,1.45,1.45,1985.0236157618517,2019-03-02,5.434633812457221,2.0,10.0,4.565366187542779,,2025-08-07 00:34:00.401824,2025-02-05,2029-03-02,4.505681040383299,45.05681040383299
ENB204ATRK175481,34,95.399999994,2.805882352764706,666.0236157618518,2018-10-06,5.83709787816564,1.0,10.0,4.16290212183436,,2025-08-07 00:34:00.401824,2025-08-07,2028-10-06,3.9772758384668037,39.77275838466804
ENB204AtAN1,9,29.5,3.2777777777777777,394.02361576185183,2018-11-06,5.752224503764545,1.0,10.0,4.247775496235455,,2025-08-07 00:34:00.401824,2025-08-07,2028-11-06,4.174948665297741,41.74948665297741
ENB204AtRK175491,7,9.883333333,1.4119047618571428,271.0236157618519,2023-11-10,0.7419575633127995,1.0,10.0,9.2580424366872,,2025-08-07 00:34:00.401824,2025-08-07,2033-11-10,9.12662559890486,91.2662559890486
ENB204D012301,1,0.566666667,0.566666667,,,,2.0,,,,2025-08-07 00:34:00.401824,2025-02-05,,0.0,
ENB204DOU210001,15,126.033333333,8.4022222222,331.0236157618519,2018-03-01,6.436687200547571,1.0,10.0,3.5633127994524294,,2025-08-07 00:34:00.401824,2025-08-07,2028-03-01,3.108966461327858,31.08966461327858
ENB204DOU210002,15,112.75,7.516666666666667,331.0236157618519,2018-04-02,6.349075975359343,1.0,10.0,3.6509240246406574,,2025-08-07 00:34:00.401824,2025-08-07,2028-04-02,3.108966461327858,31.08966461327858
ENB204DPSH101004,15,158.833333333,10.588888888866668,1976.0236157618517,2018-04-04,6.3436002737850785,1.0,15.0,8.656399726214921,,2025-08-07 00:34:00.401824,2025-08-07,2033-04-04,5.660780287474333,37.738535249828885
ENB204DPSML111352,3,8.216666666,2.7388888886666667,,,,1.0,10.0,,,2025-08-07 00:34:00.401824,2025-08-07,,0.0,0.0
ENB204DPSML111353,15,157.416666667,10.494444444466666,2135.023615761852,2018-04-03,6.346338124572211,1.0,15.0,8.65366187542779,,2025-08-07 00:34:00.401824,2025-08-07,2033-04-03,5.870499657768653,39.13666438512435
ENB204DPSML160801,3,31.033333333,10.344444444333334,1916.0236157618517,2019-05-10,5.245722108145106,1.0,10.0,4.754277891854894,,2025-08-07 00:34:00.401824,2025-08-07,2029-05-10,4.885694729637234,48.85694729637235
ENB204ESA120201,98,7117.266666771,72.62517006909184,1343.0236157618517,2018-03-06,6.422997946611909,1.0,5.0,0.0,,2025-08-07 00:34:00.401824,2025-08-07,2023-03-06,0.0,0.0
ENB204FSRK175491,1,0.483333333,0.483333333,,,,1.0,,,,2025-08-07 00:34:00.401824,2025-08-07,,0.0,
ENB204FTK175491,3,3.75,1.25,,,,1.0,,,,2025-08-07 00:34:00.401824,2025-08-07,,0.0,
ENB204NaCL101471,17,4330.866666667,254.75686274511762,2280.023615761852,2018-05-11,6.242299794661191,2.0,10.0,3.757700205338809,,2025-08-07 00:34:00.401824,2025-02-05,2028-05-11,2.3175906913073234,23.175906913073234
ENB204OAI202013,28,1092.083333328,39.002976190285715,241.02361576185186,2018-04-07,6.335386721423682,1.0,15.0,8.664613278576319,,2025-08-07 00:34:00.401824,2025-08-07,2033-04-07,8.631759069130732,57.54506046087155
ENB204OAI202015,27,219.966666665,8.146913580185185,270.0236157618519,2018-04-06,6.338124572210814,1.0,15.0,8.661875427789186,,2025-08-07 00:34:00.401824,2025-08-07,2033-04-06,8.631759069130734,57.545060460871554
ENB204OAI202016,27,2438.2166663310004,90.30432097522224,241.02361576185186,2018-03-12,6.406570841889117,1.0,15.0,8.593429158110883,,2025-08-07 00:34:00.401824,2025-08-07,2033-03-12,6.73305954825462,44.8870636550308
ENB204OAI4,27,155.2,5.748148148148148,272.0236157618519,2018-03-06,6.422997946611909,1.0,15.0,8.57700205338809,,2025-08-07 00:34:00.401824,2025-08-07,2033-03-06,8.631759069130734,57.545060460871554
ENB204OP052002,28,112.216666667,4.00773809525,241.02361576185186,2018-03-07,6.420260095824777,1.0,15.0,8.579739904175224,,2025-08-07 00:34:00.401824,2025-08-07,2033-03-07,8.631759069130734,57.545060460871554
ENB204OW650201,28,167.633333333,5.986904761892857,241.02361576185186,2018-04-11,6.324435318275154,1.0,15.0,8.675564681724847,,2025-08-07 00:34:00.401824,2025-08-07,2033-04-11,8.631759069130734,57.545060460871554
ENB204PAF080501,4,188.95000003,47.2375000075,241.02361576185186,2023-12-10,0.6598220396988365,1.0,15.0,14.340177960301164,,2025-08-07 00:34:00.401824,2025-08-07,2038-12-10,10.175906913073238,67.83937942048826
ENB204PB1,4,14.25,3.5625,1769.0236157618517,2019-08-01,5.018480492813142,2.0,10.0,4.981519507186858,,2025-08-07 00:34:00.401824,2025-02-05,2029-08-01,4.645859000684463,46.45859000684463
ENB204PCN66K1,2,6.25,3.125,1916.0236157618517,2019-04-02,5.349760438056126,2.0,3.0,0.0,,2025-08-07 00:34:00.401824,2025-02-05,2022-04-02,0.0,0.0
ENB204PSP1,11,118.68333333300001,10.789393939363636,1344.0236157618517,2018-05-02,6.26694045174538,2.0,5.0,0.0,,2025-08-07 00:34:00.401824,2025-02-05,2023-05-02,0.0,0.0
ENB204PSP2,11,24.016666666,2.1833333332727274,1344.0236157618517,2018-05-02,6.26694045174538,2.0,5.0,0.0,,2025-08-07 00:34:00.401824,2025-02-05,2023-05-02,0.0,0.0
ENB204PWSR1,33,2282.583333335,69.16919191924242,1761.0236157618517,2018-05-07,6.253251197809719,1.0,10.0,3.7467488021902806,,2025-08-07 00:34:00.401824,2025-08-07,2028-05-07,2.2650239561943875,22.650239561943874
ENB204SB1,49,115.983333336,2.36700680277551,1373.0236157618517,2019-04-04,5.344284736481861,1.0,5.0,0.0,,2025-08-07 00:34:00.401824,2025-08-07,2024-04-04,0.0,0.0
ENB204UCG049891,78,783.583333333,10.045940170935898,331.0236157618519,2018-07-06,6.0889801505817935,1.0,5.0,0.0,,2025-08-07 00:34:00.401824,2025-08-07,2023-07-06,0.1312799452429843,2.6255989048596864
ENB204UDAG672011,1,71.5,71.5,758.0236157618518,2022-04-11,2.324435318275154,4.0,15.0,12.675564681724847,,2025-08-07 00:34:00.401824,2024-11-06,2037-04-11,8.523887748117726,56.825918320784844
ENB204XUJSDXAO161,1,4.0,4.0,455.02361576185183,2023-05-10,1.2457221081451062,2.0,5.0,3.754277891854894,,2025-08-07 00:34:00.401824,2025-02-05,2028-05-10,4.7564681724846,95.129363449692
ENB2051FEDF30H41,8,190.1833333,23.7729166625,1791.0236157618517,2019-09-12,4.903490759753593,1.0,5.0,0.09650924024640695,,2025-08-07 00:34:00.401824,2025-08-07,2024-09-12,0.08596851471594799,1.7193702943189597
ENB2051SDS00F11,8,1533.7666669,191.7208333625,,,,1.0,5.0,,,2025-08-07 00:34:00.401824,2025-08-07,,0.8811772758384668,17.623545516769337
ENB2051nnan1,64,142.866666666,2.23229166665625,1791.0236157618517,2019-04-04,5.344284736481861,1.0,,,,2025-08-07 00:34:00.401824,2025-08-07,,0.7126625598904859,
ENB2052nnan1,1,1.25,1.25,,,,1.0,,,,2025-08-07 00:34:00.401824,2025-08-07,,0.0,
ENB2056nnan1,2,9.083333332999999,4.541666666499999,,,,1.0,,,,2025-08-07 00:34:00.401824,2025-08-07,,0.0,
ENB2056nnan2,1,4.75,4.75,,,,1.0,,,,2025-08-07 00:34:00.401824,2025-08-07,,0.0,
ENB20581DT216801,1,1.133333333,1.133333333,,,,2.0,5.0,,,2025-08-07 00:34:00.401824,2025-02-05,,0.0,0.0
ENB205ACS4,22,1508.35,68.56136363636364,241.02361576185186,2018-11-11,5.738535249828884,2.0,2.0,0.0,,2025-08-07 00:34:00.401824,2025-02-05,2020-11-11,0.0,0.0
ENB205ACSBVD043,22,67.133333332,3.0515151514545455,241.02361576185186,2018-11-05,5.754962354551677,2.0,2.0,0.0,,2025-08-07 00:34:00.401824,2025-02-05,2020-11-05,0.0,0.0
ENB205ACSBVD051,23,67.099999999,2.9173913043043482,241.02361576185186,2018-05-10,6.245037645448323,2.0,2.0,0.0,,2025-08-07 00:34:00.401824,2025-02-05,2020-05-10,0.0,0.0
ENB205ACSBVD062,23,116.266666663,5.055072463608695,241.02361576185186,2018-11-04,5.757700205338809,2.0,2.0,0.0,,2025-08-07 00:34:00.401824,2025-02-05,2020-11-04,0.0,0.0
ENB205ADCS2,2,381.55,190.775,2103.023615761852,,,1.0,7.0,,,2025-08-07 00:34:00.401824,2025-08-07,,0.8811772758384668,12.588246797692385
ENB205ADCS3,1,1.5,1.5,2283.023615761852,2018-05-08,6.250513347022587,1.0,7.0,0.7494866529774127,,2025-08-07 00:34:00.401824,2025-08-07,2025-05-08,0.14989733059548255,2.1413904370783223
ENB205ADCS4,1,0.833333333,0.833333333,2066.023615761852,2018-12-11,5.6563997262149215,1.0,7.0,1.3436002737850785,,2025-08-07 00:34:00.401824,2025-08-07,2025-12-11,0.8981519507186857,12.830742153124081
ENB205ADI1,83,9214.666667032,111.02008032568673,1766.0236157618517,2018-02-04,6.505133470225872,1.0,5.0,0.0,,2025-08-07 00:34:00.401824,2025-08-07,2023-02-04,0.0,0.0
ENB205AS1,1,2.75,2.75,,,,2.0,10.0,,,2025-08-07 00:34:00.401824,2025-02-05,,0.0,0.0
ENB205ASKA1,64,1840.766666666,28.76197916665625,1373.0236157618517,2018-03-01,6.436687200547571,1.0,,,,2025-08-07 00:34:00.401824,2025-08-07,,0.0,
ENB205ASKA10,63,2495.150000332,39.6055555608254,1344.0236157618517,2018-03-01,6.436687200547571,1.0,,,,2025-08-07 00:34:00.401824,2025-08-07,,0.0,
ENB205ASKA11,63,5416.483332665,85.97592591531745,1344.0236157618517,2018-03-01,6.436687200547571,1.0,,,,2025-08-07 00:34:00.401824,2025-08-07,,1.5348391512662558,
ENB205ASKA12,63,4069.583333699,64.59656085236507,1344.0236157618517,2018-03-01,6.436687200547571,1.0,,,,2025-08-07 00:34:00.401824,2025-08-07,,1.5348391512662558,
ENB205ASKA2,64,2434.683333367,38.04192708385938,1344.0236157618517,2018-03-01,6.436687200547571,1.0,,,,2025-08-07 00:34:00.401824,2025-08-07,,0.0,
ENB205ASKA3,64,1104.649999997,17.260156249953123,1344.0236157618517,2018-03-01,6.436687200547571,1.0,,,,2025-08-07 00:34:00.401824,2025-08-07,,0.0,
ENB205ASKA4,64,5982.216666632,93.472135416125,1344.0236157618517,2018-03-01,6.436687200547571,1.0,,,,2025-08-07 00:34:00.401824,2025-08-07,,0.7509924709103354,
ENB205ASKA5,64,1200.200000005,18.753125000078125,1344.0236157618517,2018-03-01,6.436687200547571,1.0,,,,2025-08-07 00:34:00.401824,2025-08-07,,0.0,
ENB205ASKA6,64,1697.500000003,26.523437500046875,1344.0236157618517,2018-03-01,6.436687200547571,1.0,,,,2025-08-07 00:34:00.401824,2025-08-07,,0.0,
ENB205ASKA7,64,4021.799999637,62.840624994328124,1344.0236157618517,2018-03-01,6.436687200547571,1.0,,,,2025-08-07 00:34:00.401824,2025-08-07,,1.5348391512662558,
ENB205ASKA8,63,1865.283333304,29.60767195720635,1344.0236157618517,2018-03-01,6.436687200547571,1.0,,,,2025-08-07 00:34:00.401824,2025-08-07,,0.0,
ENB205ASKA9,63,1926.4166670000002,30.578042333333336,1344.0236157618517,2018-03-01,6.436687200547571,1.0,,,,2025-08-07 00:34:00.401824,2025-08-07,,0.0,
ENB205AT1,7,76.0,10.857142857142858,270.0236157618519,2023-11-11,0.7392197125256673,2.0,10.0,9.260780287474333,,2025-08-07 00:34:00.401824,2025-02-05,2033-11-11,6.8402464065708415,68.40246406570841
ENB205AULGC04201,177,1200.183333333,6.780696798491526,270.0236157618519,2018-05-08,6.250513347022587,1.0,,,,2025-08-07 00:34:00.401824,2025-08-07,,0.24394250513347018,
ENB205Bcfn1,1,5.0,5.0,,,,1.0,5.0,,,2025-08-07 00:34:00.401824,2025-08-07,,0.0,0.0
ENB205Bcfn2,1,2.0,2.0,,,,1.0,5.0,,,2025-08-07 00:34:00.401824,2025-08-07,,0.0,0.0
ENB205Bcfn3,1,2.216666667,2.216666667,2095.023615761852,2018-11-12,5.735797399041752,1.0,5.0,0.0,,2025-08-07 00:34:00.401824,2025-08-07,2023-11-12,0.0,0.0
ENB205Bcfn4,1,4.733333333,4.733333333,1794.0236157618517,2019-09-09,4.91170431211499,1.0,5.0,0.08829568788500985,,2025-08-07 00:34:00.401824,2025-08-07,2024-09-09,0.12717316906228593,2.5434633812457186
ENB205Bcfn5,1,7.5,7.5,,,,1.0,5.0,,,2025-08-07 00:34:00.401824,2025-08-07,,0.0,0.0
ENB205Bcfn6,1,5.583333333,5.583333333,,,,1.0,5.0,,,2025-08-07 00:34:00.401824,2025-08-07,,0.0,0.0
ENB205Bcfn7,1,4.75,4.75,,,,1.0,5.0,,,2025-08-07 00:34:00.401824,2025-08-07,,0.0,0.0
ENB205Bcfn8,1,2.8,2.8,,,,1.0,5.0,,,2025-08-07 00:34:00.401824,2025-08-07,,0.0,0.0
ENB205Bfp1,1,2.75,2.75,,,,2.0,10.0,,,2025-08-07 00:34:00.401824,2025-02-05,,0.0,0.0
ENB205CBwL1,3,119.25,39.75,2376.023615761852,,,1.0,15.0,,,2025-08-07 00:34:00.401824,2025-08-07,,7.165503080082135,47.770020533880896
ENB205CCDL1,4,8.55,2.1375,2100.023615761852,2018-11-07,5.749486652977413,1.0,5.0,0.0,,2025-08-07 00:34:00.401824,2025-08-07,2023-11-07,0.0,0.0
ENB205CCDL2,3,14.333333333,4.777777777666667,2100.023615761852,2018-11-07,5.749486652977413,1.0,5.0,0.0,,2025-08-07 00:34:00.401824,2025-08-07,2023-11-07,0.0,0.0
ENB205CDL1,2,13.5,6.75,336.0236157618519,2023-09-06,0.919917864476386,2.0,5.0,4.080082135523614,,2025-08-07 00:34:00.401824,2025-02-05,2028-09-06,4.7564681724846,95.129363449692
ENB205CF1,2,5.583333333,2.7916666665,1770.0236157618517,2019-10-03,4.84599589322382,1.0,,,,2025-08-07 00:34:00.401824,2025-08-07,,0.0,
ENB205CFPn1,80,266.883333334,3.336041666675,1791.0236157618517,2019-03-05,5.426420260095825,1.0,5.0,0.0,,2025-08-07 00:34:00.401824,2025-08-07,2024-03-05,0.0,0.0
ENB205CM1,7,1500.333333334,214.33333333342856,1955.0236157618517,2018-05-02,6.26694045174538,1.0,7.0,0.7330595482546203,,2025-08-07 00:34:00.401824,2025-08-07,2025-05-02,0.8811772758384668,12.588246797692385
ENB205CM2,6,2182.216666667,363.7027777778333,2071.023615761852,2018-05-07,6.253251197809719,1.0,7.0,0.7467488021902806,,2025-08-07 00:34:00.401824,2025-08-07,2025-05-07,0.9638603696098563,13.769433851569376
ENB205CMUKM053481,1,2.25,2.25,,,,2.0,,,,2025-08-07 00:34:00.401824,2025-02-05,,0.0,
ENB205CT2,15,711.266666667,47.4177777778,2070.023615761852,2018-11-02,5.763175906913073,2.0,10.0,4.236824093086927,,2025-08-07 00:34:00.401824,2025-02-05,2028-11-02,3.9104722792607802,39.1047227926078
ENB205CTBT10,8,28.666666667,3.583333333375,605.0236157618518,2019-10-02,4.848733744010952,1.0,10.0,5.151266255989048,,2025-08-07 00:34:00.401824,2025-08-07,2029-10-02,5.151266255989048,51.51266255989049
ENB205CTBT11,8,29.183333334,3.64791666675,605.0236157618518,2019-10-02,4.848733744010952,1.0,10.0,5.151266255989048,,2025-08-07 00:34:00.401824,2025-08-07,2029-10-02,5.151266255989048,51.51266255989049
ENB205CTBT18,7,1384.783333334,197.82619047628572,1770.0236157618517,2018-04-10,6.327173169062286,1.0,10.0,3.672826830937714,,2025-08-07 00:34:00.401824,2025-08-07,2028-04-10,0.8811772758384668,8.811772758384668
ENB205CTBT5,8,32.383333334,4.04791666675,1772.0236157618517,2019-07-09,5.08145106091718,1.0,10.0,4.91854893908282,,2025-08-07 00:34:00.401824,2025-08-07,2029-07-09,5.011088295687885,50.11088295687885
ENB205CTBT6,8,34.1,4.2625,1772.0236157618517,2019-07-09,5.08145106091718,1.0,10.0,4.91854893908282,,2025-08-07 00:34:00.401824,2025-08-07,2029-07-09,5.011088295687885,50.11088295687885
ENB205CTBT7,8,30.766666667000003,3.8458333333750003,1772.0236157618517,2018-05-08,6.250513347022587,1.0,10.0,3.7494866529774127,,2025-08-07 00:34:00.401824,2025-08-07,2028-05-08,2.9793292265571525,29.793292265571523
ENB205CTBT8,8,32.083333333,4.010416666625,1771.0236157618517,2019-07-09,5.08145106091718,1.0,10.0,4.91854893908282,,2025-08-07 00:34:00.401824,2025-08-07,2029-07-09,5.011088295687885,50.11088295687885
ENB205CTBT9,8,31.15,3.89375,1764.0236157618517,2019-10-02,4.848733744010952,1.0,10.0,5.151266255989048,,2025-08-07 00:34:00.401824,2025-08-07,2029-10-02,5.10362765229295,51.036276522929505
ENB205CTCK12,8,51.700000001,6.462500000125,605.0236157618518,2019-10-02,4.848733744010952,1.0,10.0,5.151266255989048,,2025-08-07 00:34:00.401824,2025-08-07,2029-10-02,5.151266255989048,51.51266255989049
ENB205CTCK13,8,57.033333334,7.12916666675,605.0236157618518,2019-10-02,4.848733744010952,1.0,10.0,5.151266255989048,,2025-08-07 00:34:00.401824,2025-08-07,2029-10-02,5.151266255989048,51.51266255989049
ENB205CTCK14,8,47.866666667000004,5.9833333333750005,605.0236157618518,2019-10-02,4.848733744010952,1.0,10.0,5.151266255989048,,2025-08-07 00:34:00.401824,2025-08-07,2029-10-02,5.151266255989048,51.51266255989049
ENB205CTCK15,8,73.599999997,9.199999999625,1764.0236157618517,2019-10-02,4.848733744010952,1.0,10.0,5.151266255989048,,2025-08-07 00:34:00.401824,2025-08-07,2029-10-02,5.10362765229295,51.036276522929505
ENB205CTCK16,8,45.849999997,5.731249999625,1764.0236157618517,2019-03-07,5.420944558521561,1.0,10.0,4.579055441478439,,2025-08-07 00:34:00.401824,2025-08-07,2029-03-07,4.817796030116359,48.17796030116359
ENB205CTCK19,7,19.766666667,2.823809523857143,1770.0236157618517,2018-04-11,6.324435318275154,1.0,10.0,3.675564681724846,,2025-08-07 00:34:00.401824,2025-08-07,2028-04-11,3.6930869267624913,36.930869267624914
ENB205CTCK20,7,27.266666667,3.895238095285714,1770.0236157618517,2018-04-12,6.321697467488022,1.0,10.0,3.678302532511978,,2025-08-07 00:34:00.401824,2025-08-07,2028-04-12,3.6930869267624913,36.930869267624914
ENB205CTCK21,7,28.633333334,4.090476190571429,1770.0236157618517,2019-10-01,4.851471594798084,1.0,10.0,5.148528405201916,,2025-08-07 00:34:00.401824,2025-08-07,2029-10-01,5.10362765229295,51.036276522929505
ENB205CTE17,8,29.483333334,3.68541666675,573.0236157618518,2019-07-08,5.084188911704312,1.0,10.0,4.915811088295688,,2025-08-07 00:34:00.401824,2025-08-07,2029-07-08,5.104175222450377,51.04175222450377
ENB205CTHT4,8,38.133333334,4.76666666675,1772.0236157618517,2019-07-09,5.08145106091718,1.0,10.0,4.91854893908282,,2025-08-07 00:34:00.401824,2025-08-07,2029-07-09,5.011088295687885,50.11088295687885
ENB205CTPH22,7,28.633333334,4.090476190571429,1770.0236157618517,2019-10-01,4.851471594798084,1.0,10.0,5.148528405201916,,2025-08-07 00:34:00.401824,2025-08-07,2029-10-01,5.10362765229295,51.036276522929505
ENB205CTPK1,23,782.183333337,34.00797101465218,1770.0236157618517,2018-04-02,6.349075975359343,1.0,10.0,3.6509240246406574,,2025-08-07 00:34:00.401824,2025-08-07,2028-04-02,3.6870636550308005,36.87063655030801
ENB205CTW2,8,32.183333334,4.02291666675,1770.0236157618517,2019-07-09,5.08145106091718,1.0,10.0,4.91854893908282,,2025-08-07 00:34:00.401824,2025-08-07,2029-07-09,5.011088295687885,50.11088295687885
ENB205CTW3,8,29.683333334,3.71041666675,1770.0236157618517,2019-07-09,5.08145106091718,1.0,10.0,4.91854893908282,,2025-08-07 00:34:00.401824,2025-08-07,2029-07-09,5.011088295687885,50.11088295687885
ENB205CTn10,15,63.550000003,4.236666666866666,1954.0236157618517,2018-04-04,6.3436002737850785,2.0,10.0,3.6563997262149215,,2025-08-07 00:34:00.401824,2025-02-05,2028-04-04,3.8940451745379874,38.940451745379875
ENB205CTn11,14,711.0499999990001,50.789285714214294,1770.0236157618517,2018-04-04,6.3436002737850785,2.0,10.0,3.6563997262149215,,2025-08-07 00:34:00.401824,2025-02-05,2028-04-04,3.6427104722792607,36.427104722792606
ENB205CTn3,15,117.000000003,7.8000000002,1647.0236157618517,2018-10-09,5.8288843258042435,2.0,10.0,4.1711156741957565,,2025-08-07 00:34:00.401824,2025-02-05,2028-10-09,4.168377823408624,41.68377823408625
ENB205CTn4,15,1736.333333297,115.75555555313333,1557.0236157618517,2018-05-11,6.242299794661191,2.0,10.0,3.757700205338809,,2025-08-07 00:34:00.401824,2025-02-05,2028-05-11,2.1998631074606436,21.998631074606436
ENB205CTn5,15,95.383333337,6.3588888891333335,1702.0236157618517,2019-04-12,5.322381930184805,2.0,10.0,4.677618069815195,,2025-08-07 00:34:00.401824,2025-02-05,2029-04-12,4.614647501711157,46.14647501711156
ENB205CTn6,15,62.7,4.180000000000001,1772.0236157618517,2019-04-12,5.322381930184805,2.0,10.0,4.677618069815195,,2025-08-07 00:34:00.401824,2025-02-05,2029-04-12,4.614647501711157,46.14647501711156
ENB205CTn7,15,71.68333333,4.778888888666667,1772.0236157618517,2018-04-05,6.3408624229979464,2.0,10.0,3.6591375770020536,,2025-08-07 00:34:00.401824,2025-02-05,2028-04-05,3.7451060917180015,37.451060917180016
ENB205CTn8,15,42.3,2.82,1770.0236157618517,2018-04-04,6.3436002737850785,2.0,10.0,3.6563997262149215,,2025-08-07 00:34:00.401824,2025-02-05,2028-04-04,3.7451060917180015,37.451060917180016
ENB205CTn9,15,84.016666667,5.601111111133333,2130.023615761852,2018-04-04,6.3436002737850785,2.0,10.0,3.6563997262149215,,2025-08-07 00:34:00.401824,2025-02-05,2028-04-04,3.9252566735112935,39.252566735112936
ENB205CfDn1,2,5.25,2.625,2351.023615761852,2018-03-01,6.436687200547571,1.0,10.0,3.5633127994524294,,2025-08-07 00:34:00.401824,2025-08-07,2028-03-01,3.9772758384668037,39.77275838466804
ENB205Cn1,2,3.45,1.725,,,,1.0,,,,2025-08-07 00:34:00.401824,2025-08-07,,0.0,
ENB205Cn10,2,5.083333333,2.5416666665,,,,1.0,,,,2025-08-07 00:34:00.401824,2025-08-07,,0.0,
ENB205Cn11,2,5.083333333,2.5416666665,,,,1.0,,,,2025-08-07 00:34:00.401824,2025-08-07,,0.0,
ENB205Cn12,2,10.966666666,5.483333333,,,,1.0,,,,2025-08-07 00:34:00.401824,2025-08-07,,0.0,
ENB205Cn13,2,4.316666666,2.158333333,,,,1.0,,,,2025-08-07 00:34:00.401824,2025-08-07,,0.0,
ENB205Cn14,2,5.033333333,2.5166666665,,,,1.0,,,,2025-08-07 00:34:00.401824,2025-08-07,,0.0,
ENB205Cn15,2,55.75,27.875,1791.0236157618517,2019-09-12,4.903490759753593,1.0,,,,2025-08-07 00:34:00.401824,2025-08-07,,0.0,
ENB205Cn16,2,55.75,27.875,1791.0236157618517,2019-09-12,4.903490759753593,1.0,,,,2025-08-07 00:34:00.401824,2025-08-07,,0.0,
ENB205Cn17,2,22.1,11.05,1791.0236157618517,2019-09-12,4.903490759753593,1.0,,,,2025-08-07 00:34:00.401824,2025-08-07,,0.0,
ENB205Cn18,2,22.1,11.05,1791.0236157618517,2019-09-12,4.903490759753593,1.0,,,,2025-08-07 00:34:00.401824,2025-08-07,,0.0,
ENB205Cn19,2,9.766666666999999,4.8833333334999995,1791.0236157618517,2019-09-12,4.903490759753593,1.0,,,,2025-08-07 00:34:00.401824,2025-08-07,,0.0,
ENB205Cn2,2,3.45,1.725,,,,1.0,,,,2025-08-07 00:34:00.401824,2025-08-07,,0.0,
ENB205Cn20,2,9.766666666999999,4.8833333334999995,1791.0236157618517,2019-09-12,4.903490759753593,1.0,,,,2025-08-07 00:34:00.401824,2025-08-07,,0.0,
ENB205Cn21,1,1.833333333,1.833333333,,,,1.0,,,,2025-08-07 00:34:00.401824,2025-08-07,,0.0,
ENB205Cn3,2,3.45,1.725,,,,1.0,,,,2025-08-07 00:34:00.401824,2025-08-07,,0.0,
ENB205Cn4,2,3.45,1.725,,,,1.0,,,,2025-08-07 00:34:00.401824,2025-08-07,,0.0,
ENB205Cn5,2,10.083333332999999,5.041666666499999,1737.0236157618517,2019-11-05,4.75564681724846,1.0,,,,2025-08-07 00:34:00.401824,2025-08-07,,0.0,
ENB205Cn6,2,10.083333332999999,5.041666666499999,1737.0236157618517,2019-11-05,4.75564681724846,1.0,,,,2025-08-07 00:34:00.401824,2025-08-07,,0.0,
ENB205Cn7,2,4.033333334,2.016666667,1736.0236157618517,2019-11-06,4.7529089664613275,1.0,,,,2025-08-07 00:34:00.401824,2025-08-07,,0.0,
ENB205Cn8,2,4.033333334,2.016666667,1736.0236157618517,2019-11-06,4.7529089664613275,1.0,,,,2025-08-07 00:34:00.401824,2025-08-07,,0.0,
ENB205Cn9,2,5.083333333,2.5416666665,,,,1.0,,,,2025-08-07 00:34:00.401824,2025-08-07,,0.0,
ENB205D1,6,31.433333334,5.238888889,1798.0236157618517,2018-04-11,6.324435318275154,1.0,7.0,0.675564681724846,,2025-08-07 00:34:00.401824,2025-08-07,2025-04-11,0.6821355236139631,9.744793194485188
ENB205D2,6,21.016666667,3.5027777778333333,1798.0236157618517,2018-05-07,6.253251197809719,1.0,7.0,0.7467488021902806,,2025-08-07 00:34:00.401824,2025-08-07,2025-05-07,0.5656399726214921,8.080571037449888
ENB205DCEGHM1351,1,48.75,48.75,,,,1.0,,,,2025-08-07 00:34:00.401824,2025-08-07,,0.0,
ENB205DDaDL1,19,51.583333333,2.7149122806842105,362.0236157618519,2018-04-06,6.338124572210814,2.0,,,,2025-08-07 00:34:00.401824,2025-02-05,,3.259137577002053,
ENB205DLP1,334,9403.599999323,28.154491015937126,241.02361576185186,2018-03-05,6.425735797399041,1.0,,,,2025-08-07 00:34:00.401824,2025-08-07,,0.42327173169062265,
ENB205DM8,6,158.55,26.425,1982.0236157618517,2019-03-05,5.426420260095825,1.0,7.0,1.5735797399041749,,2025-08-07 00:34:00.401824,2025-08-07,2026-03-05,0.6294318959616699,8.991884228023856
ENB205DMAM00091,7,19.366666667,2.766666666714286,1798.0236157618517,2018-05-03,6.264202600958248,1.0,7.0,0.7357973990417523,2021-10-23,2025-08-07 00:34:00.401824,2025-08-07,2025-05-03,0.6821355236139631,9.744793194485188
ENB205DMAM00092,7,44.383333334,6.340476190571429,1798.0236157618517,2019-09-03,4.9281314168377826,1.0,7.0,2.0718685831622174,2021-10-25,2025-08-07 00:34:00.401824,2025-08-07,2026-09-03,0.828747433264887,11.839249046641243
ENB205DMAM00093,7,22.883333334,3.269047619142857,1798.0236157618517,2019-09-03,4.9281314168377826,1.0,7.0,2.0718685831622174,2021-10-25,2025-08-07 00:34:00.401824,2025-08-07,2026-09-03,0.828747433264887,11.839249046641243
ENB205DMAM00094,7,3069.766666667,438.5380952381429,1796.0236157618517,2019-09-03,4.9281314168377826,1.0,7.0,2.0718685831622174,2021-10-23,2025-08-07 00:34:00.401824,2025-08-07,2026-09-03,1.5166324435318277,21.666177764740397
ENB205DMAM00095,7,2953.083333334,421.86904761914286,1796.0236157618517,2019-03-11,5.409993155373032,1.0,7.0,1.5900068446269682,2021-10-23,2025-08-07 00:34:00.401824,2025-08-07,2026-03-11,1.5166324435318277,21.666177764740397
ENB205DMAM00096,7,2944.866666667,420.69523809528573,1796.0236157618517,2018-10-04,5.842573579739904,1.0,7.0,1.1574264202600961,,2025-08-07 00:34:00.401824,2025-08-07,2025-10-04,1.5166324435318277,21.666177764740397
ENB205DMAM00097,7,3060.633333367,437.23333333814287,332.0236157618519,2018-10-04,5.842573579739904,1.0,7.0,1.1574264202600961,2021-10-23,2025-08-07 00:34:00.401824,2025-08-07,2025-10-04,1.3337440109514034,19.053485870734335
ENB205DMP062901,6,2946.366666667,491.06111111116667,1706.0236157618517,2019-09-03,4.9281314168377826,1.0,7.0,2.0718685831622174,,2025-08-07 00:34:00.401824,2025-08-07,2026-09-03,1.5166324435318277,21.666177764740397
ENB205DMP062902,6,2968.9166666670003,494.81944444450005,1706.0236157618517,2018-10-09,5.8288843258042435,1.0,7.0,1.1711156741957565,,2025-08-07 00:34:00.401824,2025-08-07,2025-10-09,1.5166324435318277,21.666177764740397
ENB205DMP062903,6,2964.883333333,494.14722222216665,1706.0236157618517,2019-03-12,5.4072553045859,1.0,7.0,1.5927446954141002,,2025-08-07 00:34:00.401824,2025-08-07,2026-03-12,1.5166324435318277,21.666177764740397
ENB205DMP062904,6,2948.916666667,491.4861111111666,1706.0236157618517,2019-03-12,5.4072553045859,1.0,7.0,1.5927446954141002,,2025-08-07 00:34:00.401824,2025-08-07,2026-03-12,1.5166324435318277,21.666177764740397
ENB205DMP062905,6,15.783333334,2.6305555556666667,1800.0236157618517,2018-04-10,6.327173169062286,1.0,7.0,0.6728268309377139,,2025-08-07 00:34:00.401824,2025-08-07,2025-04-10,0.6821355236139631,9.744793194485188
ENB205DMP6,6,7.933333334,1.3222222223333333,1944.0236157618517,2018-04-10,6.327173169062286,1.0,7.0,0.6728268309377139,,2025-08-07 00:34:00.401824,2025-08-07,2025-04-10,0.6821355236139631,9.744793194485188
ENB205DMP7,6,15.183333334,2.5305555556666666,1982.0236157618517,2019-03-05,5.426420260095825,1.0,7.0,1.5735797399041749,,2025-08-07 00:34:00.401824,2025-08-07,2026-03-05,0.8981519507186857,12.830742153124081
ENB205DPSLGSN14K1,1,0.75,0.75,,,,2.0,10.0,,,2025-08-07 00:34:00.401824,2025-02-05,,0.0,0.0
ENB205DSP1,22,849.0,38.59090909090909,1791.0236157618517,2018-03-09,6.414784394250513,2.0,10.0,3.585215605749487,,2025-08-07 00:34:00.401824,2025-02-05,2028-03-09,3.6427104722792607,36.427104722792606
ENB205DoCLGS04201,6,7326.25,1221.0416666666667,2095.023615761852,2018-04-03,6.346338124572211,1.0,,,,2025-08-07 00:34:00.401824,2025-08-07,,0.9671457905544149,
ENB205EACnMO2021,15,422.51666663,28.16777777533333,1404.0236157618517,2018-05-08,6.250513347022587,2.0,5.0,0.0,,2025-08-07 00:34:00.401824,2025-02-05,2023-05-08,0.0,0.0
ENB205EoCU1,17,236.55,13.914705882352942,67.02361576185186,2023-04-11,1.325119780971937,1.0,10.0,8.674880219028063,,2025-08-07 00:34:00.401824,2025-08-07,2033-04-11,8.876933607118412,88.76933607118411
ENB205EoCU2,16,115.583333333,7.2239583333125,270.0236157618519,2023-02-12,1.483915126625599,1.0,10.0,8.516084873374401,,2025-08-07 00:34:00.401824,2025-08-07,2033-02-12,5.173169062286105,51.73169062286105
ENB205EoCU3,16,207.25,12.953125,270.0236157618519,2018-03-12,6.406570841889117,1.0,10.0,3.593429158110883,,2025-08-07 00:34:00.401824,2025-08-07,2028-03-12,3.108966461327858,31.08966461327858
ENB205EoCU4,16,307.183333333,19.1989583333125,67.02361576185186,2023-04-11,1.325119780971937,1.0,10.0,8.674880219028063,,2025-08-07 00:34:00.401824,2025-08-07,2033-04-11,8.876933607118412,88.76933607118411
ENB205FACLGS04201,13,32.5,2.5,67.02361576185186,2023-11-11,0.7392197125256673,1.0,10.0,9.260780287474333,,2025-08-07 00:34:00.401824,2025-08-07,2033-11-11,8.992470910335385,89.92470910335385
ENB205FEMI1,1,29.83333333,29.83333333,,,,1.0,5.0,,,2025-08-07 00:34:00.401824,2025-08-07,,0.0,0.0
ENB205FEMI2,1,29.83333333,29.83333333,,,,1.0,5.0,,,2025-08-07 00:34:00.401824,2025-08-07,,0.0,0.0
ENB205FGPETEKF1,3,5.666666667,1.8888888890000002,2099.023615761852,2018-03-03,6.431211498973306,1.0,10.0,3.5687885010266944,,2025-08-07 00:34:00.401824,2025-08-07,2028-03-03,3.9772758384668037,39.77275838466804
ENB205FGPETEKF2,2,8.233333333000001,4.1166666665000005,2099.023615761852,2018-11-08,5.746748802190281,1.0,10.0,4.253251197809719,,2025-08-07 00:34:00.401824,2025-08-07,2028-11-08,4.349075975359343,43.49075975359343
ENB205FMETETEKA1,17,42.683333334,2.510784313764706,2096.023615761852,2018-11-05,5.754962354551677,1.0,10.0,4.245037645448323,,2025-08-07 00:34:00.401824,2025-08-07,2028-11-05,4.314031485284052,43.140314852840525
ENB205HCC154491,1,5.5,5.5,2349.023615761852,2018-03-03,6.431211498973306,2.0,20.0,13.568788501026695,,2025-08-07 00:34:00.401824,2025-02-05,2038-03-03,14.085147159479808,70.42573579739904
ENB205HS1,2,2.0,1.0,,,,2.0,10.0,,,2025-08-07 00:34:00.401824,2025-02-05,,0.0,0.0
ENB205KA1,3,4.75,1.5833333333333333,2164.023615761852,2018-09-04,5.924709103353867,2.0,5.0,0.0,,2025-08-07 00:34:00.401824,2025-02-05,2023-09-04,0.0,0.0
ENB205KA2,3,5.15,1.7166666666666668,,,,2.0,5.0,,,2025-08-07 00:34:00.401824,2025-02-05,,0.0,0.0
ENB205KA3,3,5.15,1.7166666666666668,,,,2.0,5.0,,,2025-08-07 00:34:00.401824,2025-02-05,,0.0,0.0
ENB205KA4,3,8.333333332999999,2.777777777666666,,,,2.0,5.0,,,2025-08-07 00:34:00.401824,2025-02-05,,0.0,0.0
ENB205KA5,2,7.083333333,3.5416666665,,,,2.0,5.0,,,2025-08-07 00:34:00.401824,2025-02-05,,0.0,0.0
ENB205KA6,2,7.5,3.75,,,,2.0,5.0,,,2025-08-07 00:34:00.401824,2025-02-05,,0.0,0.0
ENB205KA7,2,5.5,2.75,,,,2.0,5.0,,,2025-08-07 00:34:00.401824,2025-02-05,,0.0,0.0
ENB205KA8,2,29.25,14.625,,,,2.0,5.0,,,2025-08-07 00:34:00.401824,2025-02-05,,0.0,0.0
ENB205KA9,2,49.25,24.625,,,,2.0,5.0,,,2025-08-07 00:34:00.401824,2025-02-05,,0.0,0.0
ENB205LANDL150361,1,4.5,4.5,,,,1.0,5.0,,,2025-08-07 00:34:00.401824,2025-08-07,,0.0,0.0
ENB205Lnnan1,5,31.3,6.26,,,,1.0,0.0,,,2025-08-07 00:34:00.401824,2025-08-07,,0.0,
ENB205M1,72,279.399999999,3.8805555555416666,271.0236157618519,2018-04-04,6.3436002737850785,1.0,7.0,0.6563997262149215,,2025-08-07 00:34:00.401824,2025-08-07,2025-04-04,0.9638603696098563,13.769433851569376
ENB205M41,4,105.266666667,26.31666666675,1373.0236157618517,2018-06-05,6.1738535249828885,2.0,5.0,0.0,,2025-08-07 00:34:00.401824,2025-02-05,2023-06-05,0.0,0.0
ENB205M42,4,93.25,23.3125,544.0236157618518,2018-04-06,6.338124572210814,2.0,5.0,0.0,,2025-08-07 00:34:00.401824,2025-02-05,2023-04-06,0.0,0.0
ENB205M43,4,9.0,2.25,544.0236157618518,2023-02-10,1.4893908281998631,2.0,5.0,3.510609171800137,,2025-08-07 00:34:00.401824,2025-02-05,2028-02-10,4.590554414784394,91.8110882956879
ENB205MA1,3,65.366666667,21.788888889000003,2375.023615761852,,,2.0,5.0,,,2025-08-07 00:34:00.401824,2025-02-05,,0.0,0.0
ENB205MADL1,10,378.966666599,37.8966666599,1799.0236157618517,2019-09-04,4.9253935660506505,1.0,7.0,2.0746064339493495,,2025-08-07 00:34:00.401824,2025-08-07,2026-09-04,0.828747433264887,11.839249046641243
ENB205MC1,13,64.833333334,4.98717948723077,1587.0236157618517,2018-05-03,6.264202600958248,1.0,10.0,3.7357973990417523,,2025-08-07 00:34:00.401824,2025-08-07,2028-05-03,3.811909650924025,38.119096509240244
ENB205MC2,13,154.64999996699999,11.896153843615384,1526.0236157618517,2018-05-03,6.264202600958248,1.0,10.0,3.7357973990417523,,2025-08-07 00:34:00.401824,2025-08-07,2028-05-03,3.811909650924025,38.119096509240244
ENB205MC201311,3,726.5,242.16666666666666,2137.023615761852,2018-08-08,5.9986310746064335,2.0,5.0,0.0,,2025-08-07 00:34:00.401824,2025-02-05,2023-08-08,0.0,0.0
ENB205MC201312,2,7.25,3.625,2191.023615761852,2018-08-08,5.9986310746064335,2.0,5.0,0.0,,2025-08-07 00:34:00.401824,2025-02-05,2023-08-08,0.0,0.0
ENB205MCPPK1,57,3330.766666676,58.434502924140354,1373.0236157618517,2018-07-09,6.080766598220397,1.0,10.0,3.9192334017796027,,2025-08-07 00:34:00.401824,2025-08-07,2028-07-09,1.5348391512662558,15.348391512662557
ENB205MPwT1,1,2.0,2.0,,,,2.0,5.0,,,2025-08-07 00:34:00.401824,2025-02-05,,0.0,0.0
ENB205MPwT2,1,7.5,7.5,666.0236157618518,2022-10-11,1.8234086242299794,2.0,5.0,3.1765913757700206,,2025-08-07 00:34:00.401824,2025-02-05,2027-10-11,4.590554414784394,91.8110882956879
ENB205MSPnTH1201,1,48.56666667,48.56666667,,,,2.0,,,,2025-08-07 00:34:00.401824,2025-02-05,,0.0,
ENB205NICL1,11,1520.966666664,138.26969696945454,1772.0236157618517,2018-03-01,6.436687200547571,2.0,5.0,0.0,,2025-08-07 00:34:00.401824,2025-02-05,2023-03-01,0.7515400410677617,15.030800821355234
ENB205NICL2,11,1535.43333333,139.58484848454546,1863.0236157618517,2018-03-03,6.431211498973306,2.0,5.0,0.0,,2025-08-07 00:34:00.401824,2025-02-05,2023-03-03,0.7515400410677617,15.030800821355234
ENB205NICL3,11,1500.483333334,136.40757575763635,1800.0236157618517,2018-03-03,6.431211498973306,2.0,5.0,0.0,,2025-08-07 00:34:00.401824,2025-02-05,2023-03-03,0.7515400410677617,15.030800821355234
ENB205NICL4,11,1503.383333334,136.67121212127273,1800.0236157618517,2018-05-07,6.253251197809719,2.0,5.0,0.0,,2025-08-07 00:34:00.401824,2025-02-05,2023-05-07,0.7515400410677617,15.030800821355234
ENB205NICL5,10,1523.566666664,152.3566666664,1860.0236157618517,2018-05-07,6.253251197809719,2.0,5.0,0.0,,2025-08-07 00:34:00.401824,2025-02-05,2023-05-07,0.7515400410677617,15.030800821355234
ENB205NICL6,9,45.649999997,5.0722222218888895,1860.0236157618517,2018-05-08,6.250513347022587,2.0,5.0,0.0,,2025-08-07 00:34:00.401824,2025-02-05,2023-05-08,0.0,0.0
ENB205NICL7,9,45.883333330999996,5.098148147888889,2282.023615761852,2018-05-09,6.247775496235455,2.0,5.0,0.0,,2025-08-07 00:34:00.401824,2025-02-05,2023-05-09,0.0,0.0
ENB205NICL8,4,12.366666667,3.09166666675,2281.023615761852,2018-05-06,6.2559890485968515,2.0,5.0,0.0,,2025-08-07 00:34:00.401824,2025-02-05,2023-05-06,0.0,0.0
ENB205NM1,5,18.0,3.6,2314.023615761852,2018-04-02,6.349075975359343,1.0,5.0,0.0,,2025-08-07 00:34:00.401824,2025-08-07,2023-04-02,0.0,0.0
ENB205NM2,5,1484.25,296.85,2166.023615761852,2018-04-04,6.3436002737850785,1.0,5.0,0.0,,2025-08-07 00:34:00.401824,2025-08-07,2023-04-04,0.8811772758384668,17.623545516769337
ENB205NM3,5,16.25,3.25,2166.023615761852,2018-04-04,6.3436002737850785,1.0,5.0,0.0,,2025-08-07 00:34:00.401824,2025-08-07,2023-04-04,0.0,0.0
ENB205NM4,4,13.5,3.375,2166.023615761852,2018-02-05,6.50239561943874,1.0,5.0,0.0,,2025-08-07 00:34:00.401824,2025-08-07,2023-02-05,0.0,0.0
ENB205NM5,4,17.0,4.25,2314.023615761852,2018-02-05,6.50239561943874,1.0,5.0,0.0,,2025-08-07 00:34:00.401824,2025-08-07,2023-02-05,0.0,0.0
ENB205NSK1,1,3.75,3.75,,,,1.0,,,,2025-08-07 00:34:00.401824,2025-08-07,,0.0,
ENB205OA1,12,90.416666667,7.53472222225,1374.0236157618517,2018-03-08,6.417522245037645,2.0,10.0,3.5824777549623548,,2025-08-07 00:34:00.401824,2025-02-05,2028-03-08,3.7451060917180015,37.451060917180016
ENB205P3RLGS04201,10,34.75,3.475,270.0236157618519,2023-04-11,1.325119780971937,1.0,,,,2025-08-07 00:34:00.401824,2025-08-07,,3.4525667351129363,
ENB205P3RLGS04202,10,24.5,2.45,270.0236157618519,2023-02-12,1.483915126625599,1.0,,,,2025-08-07 00:34:00.401824,2025-08-07,,3.4525667351129363,
ENB205PC1,1,5.5,5.5,,,,1.0,20.0,,,2025-08-07 00:34:00.401824,2025-08-07,,0.0,0.0
ENB205PC10,1,0.066666667,0.066666667,,,,1.0,20.0,,,2025-08-07 00:34:00.401824,2025-08-07,,0.0,0.0
ENB205PC11,1,1.0,1.0,,,,1.0,20.0,,,2025-08-07 00:34:00.401824,2025-08-07,,0.0,0.0
ENB205PC12,1,28.31666667,28.31666667,2043.0236157618517,,,1.0,20.0,,,2025-08-07 00:34:00.401824,2025-08-07,,11.619438740588638,58.097193702943194
ENB205PC13,1,0.05,0.05,1800.0236157618517,2019-09-03,4.9281314168377826,1.0,20.0,15.071868583162217,,2025-08-07 00:34:00.401824,2025-08-07,2039-09-03,15.144695414099932,75.72347707049965
ENB205PC14,1,0.983333333,0.983333333,1738.0236157618517,2019-11-04,4.758384668035592,1.0,20.0,15.241615331964407,,2025-08-07 00:34:00.401824,2025-08-07,2039-11-04,15.144695414099933,75.72347707049967
ENB205PC15,1,1.583333333,1.583333333,1737.0236157618517,2019-11-05,4.75564681724846,1.0,20.0,15.24435318275154,,2025-08-07 00:34:00.401824,2025-08-07,2039-11-05,15.144695414099932,75.72347707049965
ENB205PC16,1,1.416666667,1.416666667,1736.0236157618517,2019-11-06,4.7529089664613275,1.0,20.0,15.247091033538673,,2025-08-07 00:34:00.401824,2025-08-07,2039-11-06,15.144695414099932,75.72347707049965
ENB205PC17,1,0.85,0.85,,,,1.0,20.0,,,2025-08-07 00:34:00.401824,2025-08-07,,0.0,0.0
ENB205PC18,1,4.25,4.25,,,,1.0,20.0,,,2025-08-07 00:34:00.401824,2025-08-07,,0.0,0.0
ENB205PC19,1,1.683333333,1.683333333,,,,1.0,20.0,,,2025-08-07 00:34:00.401824,2025-08-07,,0.0,0.0
ENB205PC2,1,3.0,3.0,,,,1.0,20.0,,,2025-08-07 00:34:00.401824,2025-08-07,,0.0,0.0
ENB205PC20,1,1.5,1.5,,,,1.0,20.0,,,2025-08-07 00:34:00.401824,2025-08-07,,0.0,0.0
ENB205PC21,1,0.5,0.5,,,,1.0,20.0,,,2025-08-07 00:34:00.401824,2025-08-07,,0.0,0.0
ENB205PC22,1,0.5,0.5,,,,1.0,20.0,,,2025-08-07 00:34:00.401824,2025-08-07,,0.0,0.0
ENB205PC23,1,3.0,3.0,,,,1.0,20.0,,,2025-08-07 00:34:00.401824,2025-08-07,,0.0,0.0
ENB205PC24,1,3.0,3.0,,,,1.0,20.0,,,2025-08-07 00:34:00.401824,2025-08-07,,0.0,0.0
ENB205PC3,1,3.25,3.25,,,,1.0,20.0,,,2025-08-07 00:34:00.401824,2025-08-07,,0.0,0.0
ENB205PC4,1,4.0,4.0,2253.023615761852,2018-06-07,6.168377823408624,1.0,20.0,13.831622176591376,,2025-08-07 00:34:00.401824,2025-08-07,2038-06-07,11.37138945927447,56.856947296372354
ENB205PC5,1,2.916666667,2.916666667,2099.023615761852,2018-11-08,5.746748802190281,1.0,20.0,14.25325119780972,,2025-08-07 00:34:00.401824,2025-08-07,2038-11-08,11.37138945927447,56.856947296372354
ENB205PC6,1,2.916666667,2.916666667,2099.023615761852,2018-11-08,5.746748802190281,1.0,20.0,14.25325119780972,,2025-08-07 00:34:00.401824,2025-08-07,2038-11-08,11.37138945927447,56.856947296372354
ENB205PC7,1,26.25,26.25,,,,1.0,20.0,,,2025-08-07 00:34:00.401824,2025-08-07,,0.0,0.0
ENB205PC8,1,8.0,8.0,,,,1.0,20.0,,,2025-08-07 00:34:00.401824,2025-08-07,,0.0,0.0
ENB205PC9,1,24.25,24.25,,,,1.0,20.0,,,2025-08-07 00:34:00.401824,2025-08-07,,0.0,0.0
ENB205PDPSDE301,2,4.25,2.125,331.0236157618519,2022-06-12,2.1546885694729636,1.0,10.0,7.845311430527037,,2025-08-07 00:34:00.401824,2025-08-07,2032-06-12,4.841341546885696,48.413415468856954
ENB205PDPSDE3010,1,4.5,4.5,331.0236157618519,2023-09-11,0.9062286105407256,1.0,10.0,9.093771389459274,,2025-08-07 00:34:00.401824,2025-08-07,2033-09-11,9.126625598904859,91.26625598904859
ENB205PDPSDE302,2,4.75,2.375,331.0236157618519,2022-06-12,2.1546885694729636,1.0,10.0,7.845311430527037,,2025-08-07 00:34:00.401824,2025-08-07,2032-06-12,4.841341546885696,48.413415468856954
ENB205PDPSDE303,2,6.5,3.25,331.0236157618519,2022-06-12,2.1546885694729636,1.0,10.0,7.845311430527037,,2025-08-07 00:34:00.401824,2025-08-07,2032-06-12,4.841341546885696,48.413415468856954
ENB205PDPSDE304,1,1.5,1.5,,,,1.0,10.0,,,2025-08-07 00:34:00.401824,2025-08-07,,0.0,0.0
ENB205PDPSDE305,1,3.0,3.0,331.0236157618519,2023-09-11,0.9062286105407256,1.0,10.0,9.093771389459274,,2025-08-07 00:34:00.401824,2025-08-07,2033-09-11,9.126625598904859,91.26625598904859
ENB205PDPSDE306,1,5.75,5.75,331.0236157618519,2023-09-11,0.9062286105407256,1.0,10.0,9.093771389459274,,2025-08-07 00:34:00.401824,2025-08-07,2033-09-11,9.126625598904859,91.26625598904859
ENB205PDPSDE307,1,1.5,1.5,331.0236157618519,2023-09-11,0.9062286105407256,1.0,10.0,9.093771389459274,,2025-08-07 00:34:00.401824,2025-08-07,2033-09-11,9.126625598904859,91.26625598904859
ENB205PDPSDE308,1,4.5,4.5,331.0236157618519,2023-09-11,0.9062286105407256,1.0,10.0,9.093771389459274,,2025-08-07 00:34:00.401824,2025-08-07,2033-09-11,9.126625598904859,91.26625598904859
ENB205PDPSDE309,1,3.75,3.75,331.0236157618519,2023-09-11,0.9062286105407256,1.0,10.0,9.093771389459274,,2025-08-07 00:34:00.401824,2025-08-07,2033-09-11,9.126625598904859,91.26625598904859
ENB205PDTPK1,1,3.0,3.0,,,,1.0,10.0,,,2025-08-07 00:34:00.401824,2025-08-07,,0.0,0.0
ENB205PEX4HL94,245,5517.499999996,22.52040816324898,-24.97638423814815,2018-03-01,6.436687200547571,2.0,7.0,0.5633127994524294,,2025-08-07 00:34:00.401824,2025-02-05,2025-03-01,0.5359342915811085,7.656204165444406
ENB205PIBJBK32,245,8148.599999653,33.25959183531837,98.02361576185184,2018-03-01,6.436687200547571,2.0,7.0,0.5633127994524294,,2025-08-07 00:34:00.401824,2025-02-05,2025-03-01,0.42327173169062265,6.046739024151752
ENB205PII1,2,11.0,5.5,,,,2.0,10.0,,,2025-08-07 00:34:00.401824,2025-02-05,,0.0,0.0
ENB205PMETETEKD1,32,83.43333332899999,2.6072916665312498,1862.0236157618517,2018-03-01,6.436687200547571,1.0,10.0,3.5633127994524294,,2025-08-07 00:34:00.401824,2025-08-07,2028-03-01,3.6750171115674197,36.7501711156742
ENB205PMP1,26,1475.083333331,56.733974358884616,331.0236157618519,2018-04-03,6.346338124572211,1.0,5.0,0.0,,2025-08-07 00:34:00.401824,2025-08-07,2023-04-03,0.0,0.0
ENB205PMP2,26,3107.2666666650002,119.51025641019231,331.0236157618519,2018-03-07,6.420260095824777,1.0,5.0,0.0,,2025-08-07 00:34:00.401824,2025-08-07,2023-03-07,0.0,0.0
ENB205PMP3,26,2820.7333333320003,108.48974358969232,331.0236157618519,2018-03-05,6.425735797399041,1.0,5.0,0.0,,2025-08-07 00:34:00.401824,2025-08-07,2023-03-05,0.0,0.0
ENB205PMP4,26,2057.7666666659998,79.14487179484614,331.0236157618519,2018-03-12,6.406570841889117,1.0,5.0,0.0,,2025-08-07 00:34:00.401824,2025-08-07,2023-03-12,0.0,0.0
ENB205PMP5,26,1749.499999999,67.28846153842308,331.0236157618519,2018-04-04,6.3436002737850785,1.0,5.0,0.0,,2025-08-07 00:34:00.401824,2025-08-07,2023-04-04,0.0,0.0
ENB205PMP6,25,1499.483333331,59.97933333324,331.0236157618519,2018-04-11,6.324435318275154,1.0,5.0,0.0,,2025-08-07 00:34:00.401824,2025-08-07,2023-04-11,0.0,0.0
ENB205PS1,11,48.233333333,4.384848484818182,2096.023615761852,2018-11-02,5.763175906913073,1.0,10.0,4.236824093086927,,2025-08-07 00:34:00.401824,2025-08-07,2028-11-02,4.349075975359343,43.49075975359343
ENB205PS2,11,27.433333333,2.493939393909091,2096.023615761852,2018-11-02,5.763175906913073,1.0,10.0,4.236824093086927,,2025-08-07 00:34:00.401824,2025-08-07,2028-11-02,4.349075975359343,43.49075975359343
ENB205PS3,11,77.55,7.05,2101.023615761852,2018-03-08,6.417522245037645,1.0,10.0,3.5824777549623548,,2025-08-07 00:34:00.401824,2025-08-07,2028-03-08,3.8710472279260784,38.710472279260784
ENB205PS4,10,52.633333332999996,5.263333333299999,2096.023615761852,2018-03-07,6.420260095824777,1.0,10.0,3.5797399041752227,,2025-08-07 00:34:00.401824,2025-08-07,2028-03-07,3.856262833675565,38.56262833675565
ENB205PSDL140371,11,33.783333333,3.0712121211818184,67.02361576185186,2018-05-02,6.26694045174538,1.0,5.0,0.0,,2025-08-07 00:34:00.401824,2025-08-07,2023-05-02,0.0,0.0
ENB205PSXBS051,10,48.466666666,4.8466666666,2289.023615761852,2018-05-02,6.26694045174538,1.0,5.0,0.0,,2025-08-07 00:34:00.401824,2025-08-07,2023-05-02,0.0,0.0
ENB205PSXBS0510,10,20.716666666000002,2.0716666666,332.0236157618519,2018-05-06,6.2559890485968515,1.0,5.0,0.0,,2025-08-07 00:34:00.401824,2025-08-07,2023-05-06,0.0,0.0
ENB205PSXBS0511,10,34.216666666,3.4216666666,332.0236157618519,2018-09-02,5.930184804928132,1.0,5.0,0.0,,2025-08-07 00:34:00.401824,2025-08-07,2023-09-02,0.0,0.0
ENB205PSXBS0512,10,62.383333332999996,6.2383333333,332.0236157618519,2018-09-02,5.930184804928132,1.0,5.0,0.0,,2025-08-07 00:34:00.401824,2025-08-07,2023-09-02,0.0,0.0
ENB205PSXBS0513,10,88.39999999899999,8.839999999899998,331.0236157618519,2018-09-03,5.927446954141,1.0,5.0,0.0,,2025-08-07 00:34:00.401824,2025-08-07,2023-09-03,0.0,0.0
ENB205PSXBS0514,10,18.733333333,1.8733333333000002,331.0236157618519,2018-05-07,6.253251197809719,1.0,5.0,0.0,,2025-08-07 00:34:00.401824,2025-08-07,2023-05-07,0.0,0.0
ENB205PSXBS0515,10,18.95,1.895,331.0236157618519,2018-05-07,6.253251197809719,1.0,5.0,0.0,,2025-08-07 00:34:00.401824,2025-08-07,2023-05-07,0.0,0.0
ENB205PSXBS0516,10,18.25,1.825,331.0236157618519,2018-05-07,6.253251197809719,1.0,5.0,0.0,,2025-08-07 00:34:00.401824,2025-08-07,2023-05-07,0.0,0.0
ENB205PSXBS0517,10,20.85,2.085,331.0236157618519,2018-04-04,6.3436002737850785,1.0,5.0,0.0,,2025-08-07 00:34:00.401824,2025-08-07,2023-04-04,0.0,0.0
ENB205PSXBS0518,10,12.033333333,1.2033333333,331.0236157618519,2018-04-04,6.3436002737850785,1.0,5.0,0.0,,2025-08-07 00:34:00.401824,2025-08-07,2023-04-04,0.0,0.0
ENB205PSXBS0519,10,20.75,2.075,331.0236157618519,2018-04-04,6.3436002737850785,1.0,5.0,0.0,,2025-08-07 00:34:00.401824,2025-08-07,2023-04-04,0.0,0.0
ENB205PSXBS052,10,51.833333333,5.1833333333,2289.023615761852,2018-04-05,6.3408624229979464,1.0,5.0,0.0,,2025-08-07 00:34:00.401824,2025-08-07,2023-04-05,0.0,0.0
ENB205PSXBS0520,10,18.833333334,1.8833333334,331.0236157618519,2018-04-04,6.3436002737850785,1.0,5.0,0.0,,2025-08-07 00:34:00.401824,2025-08-07,2023-04-04,0.0,0.0
ENB205PSXBS0521,10,764.066666667,76.4066666667,271.0236157618519,2018-09-07,5.916495550992471,1.0,5.0,0.0,,2025-08-07 00:34:00.401824,2025-08-07,2023-09-07,0.0,0.0
ENB205PSXBS0522,10,53.7,5.37,271.0236157618519,2018-09-07,5.916495550992471,1.0,5.0,0.0,,2025-08-07 00:34:00.401824,2025-08-07,2023-09-07,0.0,0.0
ENB205PSXBS0523,10,45.216666667,4.5216666667,271.0236157618519,2019-12-06,4.670773442847365,1.0,5.0,0.3292265571526354,,2025-08-07 00:34:00.401824,2025-08-07,2024-12-06,0.24928131416837812,4.985626283367563
ENB205PSXBS0524,10,41.583333333,4.1583333333,271.0236157618519,2019-09-11,4.906228610540725,1.0,5.0,0.09377138945927488,,2025-08-07 00:34:00.401824,2025-08-07,2024-09-11,0.24928131416837812,4.985626283367563
ENB205PSXBS0525,10,83.5,8.35,271.0236157618519,2019-12-06,4.670773442847365,1.0,5.0,0.3292265571526354,,2025-08-07 00:34:00.401824,2025-08-07,2024-12-06,0.24928131416837812,4.985626283367563
ENB205PSXBS0526,10,14.55,1.455,271.0236157618519,2019-12-06,4.670773442847365,1.0,5.0,0.3292265571526354,,2025-08-07 00:34:00.401824,2025-08-07,2024-12-06,0.24928131416837812,4.985626283367563
ENB205PSXBS0527,10,17.933333333,1.7933333333,271.0236157618519,2019-09-07,4.917180013689254,1.0,5.0,0.08281998631074572,,2025-08-07 00:34:00.401824,2025-08-07,2024-09-07,0.24928131416837812,4.985626283367563
ENB205PSXBS0528,10,35.583333333,3.5583333333,271.0236157618519,2019-10-07,4.8350444900752905,1.0,5.0,0.16495550992470953,,2025-08-07 00:34:00.401824,2025-08-07,2024-10-07,0.24928131416837812,4.985626283367563
ENB205PSXBS0529,10,43.866666667000004,4.3866666667,241.02361576185186,2019-07-08,5.084188911704312,1.0,5.0,0.0,,2025-08-07 00:34:00.401824,2025-08-07,2024-07-08,0.24928131416837812,4.985626283367563
ENB205PSXBS053,10,18.083333333,1.8083333332999998,2283.023615761852,2018-04-05,6.3408624229979464,1.0,5.0,0.0,,2025-08-07 00:34:00.401824,2025-08-07,2023-04-05,0.0,0.0
ENB205PSXBS0530,10,23.166666667,2.3166666667,1344.0236157618517,2020-12-02,3.679671457905544,1.0,5.0,1.320328542094456,,2025-08-07 00:34:00.401824,2025-08-07,2025-12-02,0.3299110198494183,6.598220396988366
ENB205PSXBS054,10,22.133333333,2.2133333333,2130.023615761852,2018-04-05,6.3408624229979464,1.0,5.0,0.0,,2025-08-07 00:34:00.401824,2025-08-07,2023-04-05,0.0,0.0
ENB205PSXBS055,10,139.666666633,13.9666666633,1917.0236157618517,2018-04-05,6.3408624229979464,1.0,5.0,0.0,,2025-08-07 00:34:00.401824,2025-08-07,2023-04-05,0.0,0.0
ENB205PSXBS056,10,20.283333333999998,2.0283333334,1764.0236157618517,2018-05-02,6.26694045174538,1.0,5.0,0.0,,2025-08-07 00:34:00.401824,2025-08-07,2023-05-02,0.0,0.0
ENB205PSXBS057,10,21.55,2.1550000000000002,1764.0236157618517,2018-05-02,6.26694045174538,1.0,5.0,0.0,,2025-08-07 00:34:00.401824,2025-08-07,2023-05-02,0.0,0.0
ENB205PSXBS058,10,76.0,7.6,485.02361576185183,2018-05-02,6.26694045174538,1.0,5.0,0.0,,2025-08-07 00:34:00.401824,2025-08-07,2023-05-02,0.0,0.0
ENB205PSXBS059,10,62.45,6.245,485.02361576185183,2018-05-02,6.26694045174538,1.0,5.0,0.0,,2025-08-07 00:34:00.401824,2025-08-07,2023-05-02,0.0,0.0
ENB205PaMRJER1,245,5299.966666671,21.632517006820407,280.0236157618519,2018-01-10,6.573579739904175,2.0,7.0,0.4264202600958251,,2025-08-07 00:34:00.401824,2025-02-05,2025-01-10,0.5359342915811085,7.656204165444406
ENB205PaMRJL83,245,9109.366667011,37.18108843677959,188.02361576185186,2018-03-01,6.436687200547571,2.0,7.0,0.5633127994524294,,2025-08-07 00:34:00.401824,2025-02-05,2025-03-01,0.42327173169062265,6.046739024151752
ENB205RA1,32,158.48333333,4.9526041665625,2071.023615761852,2018-09-03,5.927446954141,2.0,5.0,0.0,,2025-08-07 00:34:00.401824,2025-02-05,2023-09-03,0.0,0.0
ENB205RA2,32,163.900000004,5.121875000125,2071.023615761852,2018-09-03,5.927446954141,2.0,5.0,0.0,,2025-08-07 00:34:00.401824,2025-02-05,2023-09-03,0.0,0.0
ENB205RC1,48,963.483333303,20.0725694438125,1647.0236157618517,2018-01-03,6.5927446954141,1.0,10.0,3.4072553045858998,,2025-08-07 00:34:00.401824,2025-08-07,2028-01-03,1.4428473648186173,14.428473648186174
ENB205RC2,48,3872.000000259,80.6666666720625,1769.0236157618517,2018-05-10,6.245037645448323,1.0,10.0,3.754962354551677,,2025-08-07 00:34:00.401824,2025-08-07,2028-05-10,1.5348391512662558,15.348391512662557
ENB205RDLJAC051,2,13.899999999999999,6.949999999999999,,,,1.0,5.0,,,2025-08-07 00:34:00.401824,2025-08-07,,0.0,0.0
ENB205RP4121,15,37.5,2.5,455.02361576185183,2023-05-10,1.2457221081451062,1.0,,,,2025-08-07 00:34:00.401824,2025-08-07,,1.1508555783709788,
ENB205RP4122,15,37.5,2.5,455.02361576185183,2023-05-10,1.2457221081451062,1.0,,,,2025-08-07 00:34:00.401824,2025-08-07,,1.1508555783709788,
ENB205RP4Model1,6,34.5,5.75,455.02361576185183,2018-10-03,5.845311430527036,1.0,7.0,1.154688569472964,,2025-08-07 00:34:00.401824,2025-08-07,2025-10-03,0.2309377138945928,3.299110198494183
ENB205RP4Model10,5,58.83333333,11.766666666,336.0236157618519,2023-05-10,1.2457221081451062,1.0,7.0,5.754277891854894,,2025-08-07 00:34:00.401824,2025-08-07,2030-05-10,5.754277891854894,82.20396988364135
ENB205RP4Model11,5,17.3,3.46,336.0236157618519,2020-11-03,3.759069130732375,1.0,7.0,3.240930869267625,,2025-08-07 00:34:00.401824,2025-08-07,2027-11-03,1.4939082819986313,21.341546885694733
ENB205RP4Model12,5,17.3,3.46,336.0236157618519,2020-11-03,3.759069130732375,1.0,7.0,3.240930869267625,,2025-08-07 00:34:00.401824,2025-08-07,2027-11-03,1.4939082819986313,21.341546885694733
ENB205RP4Model13,5,15.5,3.1,336.0236157618519,2023-05-10,1.2457221081451062,1.0,7.0,5.754277891854894,,2025-08-07 00:34:00.401824,2025-08-07,2030-05-10,5.754277891854894,82.20396988364135
ENB205RP4Model14,5,20.0,4.0,455.02361576185183,2023-05-10,1.2457221081451062,1.0,7.0,5.754277891854894,,2025-08-07 00:34:00.401824,2025-08-07,2030-05-10,5.754277891854894,82.20396988364135
ENB205RP4Model15,5,18.75,3.75,455.02361576185183,2023-05-10,1.2457221081451062,1.0,7.0,5.754277891854894,,2025-08-07 00:34:00.401824,2025-08-07,2030-05-10,5.754277891854894,82.20396988364135
ENB205RP4Model16,5,18.75,3.75,455.02361576185183,2023-05-10,1.2457221081451062,1.0,7.0,5.754277891854894,,2025-08-07 00:34:00.401824,2025-08-07,2030-05-10,5.754277891854894,82.20396988364135
ENB205RP4Model17,5,18.75,3.75,455.02361576185183,2023-05-10,1.2457221081451062,1.0,7.0,5.754277891854894,,2025-08-07 00:34:00.401824,2025-08-07,2030-05-10,5.754277891854894,82.20396988364135
ENB205RP4Model18,5,18.75,3.75,455.02361576185183,2023-05-10,1.2457221081451062,1.0,7.0,5.754277891854894,,2025-08-07 00:34:00.401824,2025-08-07,2030-05-10,5.754277891854894,82.20396988364135
ENB205RP4Model19,5,18.75,3.75,455.02361576185183,2023-05-10,1.2457221081451062,1.0,7.0,5.754277891854894,,2025-08-07 00:34:00.401824,2025-08-07,2030-05-10,5.754277891854894,82.20396988364135
ENB205RP4Model2,6,16.75,2.7916666666666665,455.02361576185183,2023-05-10,1.2457221081451062,1.0,7.0,5.754277891854894,,2025-08-07 00:34:00.401824,2025-08-07,2030-05-10,5.754277891854894,82.20396988364135
ENB205RP4Model20,5,18.75,3.75,455.02361576185183,2023-05-10,1.2457221081451062,1.0,7.0,5.754277891854894,,2025-08-07 00:34:00.401824,2025-08-07,2030-05-10,5.754277891854894,82.20396988364135
ENB205RP4Model21,5,18.75,3.75,455.02361576185183,2023-05-10,1.2457221081451062,1.0,7.0,5.754277891854894,,2025-08-07 00:34:00.401824,2025-08-07,2030-05-10,5.754277891854894,82.20396988364135
ENB205RP4Model22,5,20.25,4.05,455.02361576185183,2023-05-10,1.2457221081451062,1.0,7.0,5.754277891854894,,2025-08-07 00:34:00.401824,2025-08-07,2030-05-10,5.754277891854894,82.20396988364135
ENB205RP4Model23,5,23.0,4.6,455.02361576185183,2023-05-10,1.2457221081451062,1.0,7.0,5.754277891854894,,2025-08-07 00:34:00.401824,2025-08-07,2030-05-10,5.754277891854894,82.20396988364135
ENB205RP4Model24,5,23.0,4.6,455.02361576185183,2023-05-10,1.2457221081451062,1.0,7.0,5.754277891854894,,2025-08-07 00:34:00.401824,2025-08-07,2030-05-10,5.754277891854894,82.20396988364135
ENB205RP4Model25,5,26.0,5.2,455.02361576185183,2023-05-10,1.2457221081451062,1.0,7.0,5.754277891854894,,2025-08-07 00:34:00.401824,2025-08-07,2030-05-10,5.754277891854894,82.20396988364135
ENB205RP4Model26,5,26.0,5.2,455.02361576185183,2023-05-10,1.2457221081451062,1.0,7.0,5.754277891854894,,2025-08-07 00:34:00.401824,2025-08-07,2030-05-10,5.754277891854894,82.20396988364135
ENB205RP4Model27,5,26.0,5.2,455.02361576185183,2023-05-10,1.2457221081451062,1.0,7.0,5.754277891854894,,2025-08-07 00:34:00.401824,2025-08-07,2030-05-10,5.754277891854894,82.20396988364135
ENB205RP4Model28,5,26.0,5.2,455.02361576185183,2023-05-10,1.2457221081451062,1.0,7.0,5.754277891854894,,2025-08-07 00:34:00.401824,2025-08-07,2030-05-10,5.754277891854894,82.20396988364135
ENB205RP4Model3,6,232.9666667,38.82777778333333,455.02361576185183,2023-05-10,1.2457221081451062,1.0,7.0,5.754277891854894,,2025-08-07 00:34:00.401824,2025-08-07,2030-05-10,5.754277891854894,82.20396988364135
ENB205RP4Model4,6,231.2166667,38.53611111666667,336.0236157618519,2023-05-10,1.2457221081451062,1.0,7.0,5.754277891854894,,2025-08-07 00:34:00.401824,2025-08-07,2030-05-10,5.754277891854894,82.20396988364135
ENB205RP4Model5,5,228.7166667,45.74333334,336.0236157618519,2023-05-10,1.2457221081451062,1.0,7.0,5.754277891854894,,2025-08-07 00:34:00.401824,2025-08-07,2030-05-10,5.754277891854894,82.20396988364135
ENB205RP4Model6,5,58.83333333,11.766666666,336.0236157618519,2023-05-10,1.2457221081451062,1.0,7.0,5.754277891854894,,2025-08-07 00:34:00.401824,2025-08-07,2030-05-10,5.754277891854894,82.20396988364135
ENB205RP4Model7,5,58.83333333,11.766666666,336.0236157618519,2023-05-10,1.2457221081451062,1.0,7.0,5.754277891854894,,2025-08-07 00:34:00.401824,2025-08-07,2030-05-10,5.754277891854894,82.20396988364135
ENB205RP4Model8,5,58.83333333,11.766666666,336.0236157618519,2023-05-10,1.2457221081451062,1.0,7.0,5.754277891854894,,2025-08-07 00:34:00.401824,2025-08-07,2030-05-10,5.754277891854894,82.20396988364135
ENB205RP4Model9,5,58.83333333,11.766666666,336.0236157618519,2023-05-10,1.2457221081451062,1.0,7.0,5.754277891854894,,2025-08-07 00:34:00.401824,2025-08-07,2030-05-10,5.754277891854894,82.20396988364135
ENB205RnFC2083,1,0.816666667,0.816666667,,,,1.0,5.0,,,2025-08-07 00:34:00.401824,2025-08-07,,0.0,0.0
ENB205RnFC2084,1,1.016666667,1.016666667,,,,1.0,5.0,,,2025-08-07 00:34:00.401824,2025-08-07,,0.0,0.0
ENB205RnFTX102,2,31.133333333,15.5666666665,,,,1.0,5.0,,,2025-08-07 00:34:00.401824,2025-08-07,,0.0,0.0
ENB205SATA04341,13,58.183333332000004,4.4756410255384615,605.0236157618518,2018-09-03,5.927446954141,2.0,10.0,4.072553045859,,2025-08-07 00:34:00.401824,2025-02-05,2028-09-03,4.0785763175906915,40.785763175906915
ENB205SATA04342,13,58.699999999,4.515384615307692,605.0236157618518,2018-09-03,5.927446954141,2.0,10.0,4.072553045859,,2025-08-07 00:34:00.401824,2025-02-05,2028-09-03,4.0785763175906915,40.785763175906915
ENB205SATA04343,13,67.6,5.199999999999999,605.0236157618518,2018-09-03,5.927446954141,2.0,10.0,4.072553045859,,2025-08-07 00:34:00.401824,2025-02-05,2028-09-03,4.0785763175906915,40.785763175906915
ENB205SATA04344,13,62.449999999999996,4.803846153846154,605.0236157618518,2018-09-12,5.90280629705681,2.0,10.0,4.09719370294319,,2025-08-07 00:34:00.401824,2025-02-05,2028-09-12,4.078576317590691,40.78576317590691
ENB205SATA04345,13,62.566666667,4.812820512846153,605.0236157618518,2018-09-12,5.90280629705681,2.0,10.0,4.09719370294319,,2025-08-07 00:34:00.401824,2025-02-05,2028-09-12,4.078576317590691,40.78576317590691
ENB205SATA04346,13,57.633333332999996,4.433333333307692,605.0236157618518,2018-09-05,5.921971252566735,2.0,10.0,4.078028747433265,,2025-08-07 00:34:00.401824,2025-02-05,2028-09-05,4.078576317590691,40.78576317590691
ENB205SC1,11,1571.649999998,142.8772727270909,128.02361576185186,2018-10-06,5.83709787816564,1.0,10.0,4.16290212183436,,2025-08-07 00:34:00.401824,2025-08-07,2028-10-06,3.2677618069815195,32.677618069815196
ENB205SLMDI1,6,26.899999997,4.483333332833333,1434.0236157618517,2018-10-06,5.83709787816564,1.0,10.0,4.16290212183436,,2025-08-07 00:34:00.401824,2025-08-07,2028-10-06,2.326899383983573,23.26899383983573
ENB205SMWL1,9,200.85,22.316666666666666,787.0236157618518,2018-05-03,6.264202600958248,2.0,5.0,0.0,,2025-08-07 00:34:00.401824,2025-02-05,2023-05-03,0.0,0.0
ENB205TPML1,2,5.75,2.875,,,,1.0,,,,2025-08-07 00:34:00.401824,2025-08-07,,0.0,
ENB205UC1,5,35.699999999999996,7.139999999999999,1922.0236157618517,2018-04-02,6.349075975359343,1.0,5.0,0.0,,2025-08-07 00:34:00.401824,2025-08-07,2023-04-02,0.0,0.0
ENB205UC10,5,41.3,8.26,2072.023615761852,2018-12-05,5.672826830937714,1.0,5.0,0.0,,2025-08-07 00:34:00.401824,2025-08-07,2023-12-05,0.0,0.0
ENB205UC11,5,43.516666666999996,8.7033333334,1951.0236157618517,2018-04-06,6.338124572210814,1.0,5.0,0.0,,2025-08-07 00:34:00.401824,2025-08-07,2023-04-06,0.0,0.0
ENB205UC12,5,756.816666663,151.3633333326,2070.023615761852,2018-12-06,5.670088980150582,1.0,5.0,0.0,,2025-08-07 00:34:00.401824,2025-08-07,2023-12-06,0.8811772758384668,17.623545516769337
ENB205UC13,5,43.983333333,8.7966666666,2161.023615761852,2018-09-07,5.916495550992471,1.0,5.0,0.0,,2025-08-07 00:34:00.401824,2025-08-07,2023-09-07,0.0,0.0
ENB205UC14,5,23.583333333,4.7166666666,1920.0236157618517,2018-09-07,5.916495550992471,1.0,5.0,0.0,,2025-08-07 00:34:00.401824,2025-08-07,2023-09-07,0.0,0.0
ENB205UC15,5,18.5,3.7,1706.0236157618517,2019-12-06,4.670773442847365,1.0,5.0,0.3292265571526354,,2025-08-07 00:34:00.401824,2025-08-07,2024-12-06,0.17535934291581104,3.5071868583162207
ENB205UC16,5,21.833333333,4.3666666666,1706.0236157618517,2019-12-06,4.670773442847365,1.0,5.0,0.3292265571526354,,2025-08-07 00:34:00.401824,2025-08-07,2024-12-06,0.17535934291581104,3.5071868583162207
ENB205UC17,5,12.75,2.55,2340.023615761852,2018-03-12,6.406570841889117,1.0,5.0,0.0,,2025-08-07 00:34:00.401824,2025-08-07,2023-03-12,0.0,0.0
ENB205UC18,5,16.5,3.3,2340.023615761852,2018-03-12,6.406570841889117,1.0,5.0,0.0,,2025-08-07 00:34:00.401824,2025-08-07,2023-03-12,0.0,0.0
ENB205UC19,5,19.5,3.9,2129.023615761852,2018-03-12,6.406570841889117,1.0,5.0,0.0,,2025-08-07 00:34:00.401824,2025-08-07,2023-03-12,0.0,0.0
ENB205UC2,5,15.766666666999999,3.1533333334,2135.023615761852,2018-10-03,5.845311430527036,1.0,5.0,0.0,,2025-08-07 00:34:00.401824,2025-08-07,2023-10-03,0.0,0.0
ENB205UC20,5,9.116666667,1.8233333334000001,1955.0236157618517,2019-04-01,5.352498288843258,1.0,5.0,0.0,,2025-08-07 00:34:00.401824,2025-08-07,2024-04-01,0.0,0.0
ENB205UC21,5,58.65,11.73,1771.0236157618517,2019-10-02,4.848733744010952,1.0,5.0,0.1512662559890483,,2025-08-07 00:34:00.401824,2025-08-07,2024-10-02,0.12717316906228593,2.5434633812457186
ENB205UC22,4,125.21666667,31.3041666675,,,,1.0,5.0,,,2025-08-07 00:34:00.401824,2025-08-07,,0.0,0.0
ENB205UC23,4,8.4,2.1,,,,1.0,5.0,,,2025-08-07 00:34:00.401824,2025-08-07,,0.0,0.0
ENB205UC24,4,33.433333333,8.35833333325,1953.0236157618517,2019-04-03,5.347022587268994,1.0,5.0,0.0,,2025-08-07 00:34:00.401824,2025-08-07,2024-04-03,0.0,0.0
ENB205UC25,4,36.783333333,9.19583333325,1953.0236157618517,2019-04-03,5.347022587268994,1.0,5.0,0.0,,2025-08-07 00:34:00.401824,2025-08-07,2024-04-03,0.0,0.0
ENB205UC26,4,31.5,7.875,1953.0236157618517,2018-12-10,5.6591375770020536,1.0,5.0,0.0,,2025-08-07 00:34:00.401824,2025-08-07,2023-12-10,0.0,0.0
ENB205UC27,4,12.55,3.1375,,,,1.0,5.0,,,2025-08-07 00:34:00.401824,2025-08-07,,0.0,0.0
ENB205UC28,4,11.4,2.85,1792.0236157618517,2019-09-11,4.906228610540725,1.0,5.0,0.09377138945927488,,2025-08-07 00:34:00.401824,2025-08-07,2024-09-11,0.12717316906228593,2.5434633812457186
ENB205UC29,4,13.316666667,3.32916666675,1952.0236157618517,2019-04-04,5.344284736481861,1.0,5.0,0.0,,2025-08-07 00:34:00.401824,2025-08-07,2024-04-04,0.0,0.0
ENB205UC3,5,11.166666667000001,2.2333333334,,,,1.0,5.0,,,2025-08-07 00:34:00.401824,2025-08-07,,0.0,0.0
ENB205UC30,4,33.266666667,8.31666666675,1922.0236157618517,2019-05-04,5.262149212867898,1.0,5.0,0.0,,2025-08-07 00:34:00.401824,2025-08-07,2024-05-04,0.018754277891854975,0.3750855578370995
ENB205UC4,5,14.966666666,2.9933333332,,,,1.0,5.0,,,2025-08-07 00:34:00.401824,2025-08-07,,0.0,0.0
ENB205UC5,5,31.566666667,6.3133333334,,,,1.0,5.0,,,2025-08-07 00:34:00.401824,2025-08-07,,0.0,0.0
ENB205UC6,5,8.183333333,1.6366666666,,,,1.0,5.0,,,2025-08-07 00:34:00.401824,2025-08-07,,0.0,0.0
ENB205UC7,5,20.883333333,4.1766666666,,,,1.0,5.0,,,2025-08-07 00:34:00.401824,2025-08-07,,0.0,0.0
ENB205UC8,5,10.166666667,2.0333333334,2102.023615761852,2018-11-05,5.754962354551677,1.0,5.0,0.0,,2025-08-07 00:34:00.401824,2025-08-07,2023-11-05,0.0,0.0
ENB205UC9,5,12.033333333,2.4066666666,2072.023615761852,2018-12-05,5.672826830937714,1.0,5.0,0.0,,2025-08-07 00:34:00.401824,2025-08-07,2023-12-05,0.0,0.0
ENB205UCC1,4,9.333333333999999,2.3333333334999997,,,,1.0,10.0,,,2025-08-07 00:34:00.401824,2025-08-07,,0.0,0.0
ENB205UCC2,3,7.116666667,2.3722222223333334,,,,1.0,10.0,,,2025-08-07 00:34:00.401824,2025-08-07,,0.0,0.0
ENB205UCC3,1,3.633333333,3.633333333,,,,1.0,10.0,,,2025-08-07 00:34:00.401824,2025-08-07,,0.0,0.0
ENB205UICLN1,16,47.75,2.984375,270.0236157618519,2023-01-12,1.568788501026694,2.0,10.0,8.431211498973306,,2025-08-07 00:34:00.401824,2025-02-05,2033-01-12,6.726351813826147,67.26351813826147
ENB205UICLN2,16,47.5,2.96875,67.02361576185186,2023-04-11,1.325119780971937,2.0,10.0,8.674880219028063,,2025-08-07 00:34:00.401824,2025-02-05,2033-04-11,6.8402464065708415,68.40246406570841
ENB205UICLN3,16,51.75,3.234375,67.02361576185186,2023-04-11,1.325119780971937,2.0,10.0,8.674880219028063,,2025-08-07 00:34:00.401824,2025-02-05,2033-04-11,6.8402464065708415,68.40246406570841
ENB205UasDL110561,4,10.333333333,2.58333333325,,,,2.0,5.0,,,2025-08-07 00:34:00.401824,2025-02-05,,0.0,0.0
ENB205V1,6,63.883333332999996,10.647222222166667,1588.0236157618517,2018-12-05,5.672826830937714,1.0,,,,2025-08-07 00:34:00.401824,2025-08-07,,0.0,
ENB205V10,6,15.866666667,2.6444444445,1800.0236157618517,2019-02-06,5.500342231348392,1.0,,,,2025-08-07 00:34:00.401824,2025-08-07,,0.0,
ENB205V11,5,75.716666667,15.1433333334,1588.0236157618517,2019-05-07,5.253935660506502,1.0,,,,2025-08-07 00:34:00.401824,2025-08-07,,0.0,
ENB205V2,6,59.599999995999994,9.933333332666665,1374.0236157618517,2018-11-08,5.746748802190281,1.0,,,,2025-08-07 00:34:00.401824,2025-08-07,,0.0,
ENB205V3,6,56.916666667,9.486111111166666,1772.0236157618517,2019-05-09,5.248459958932238,1.0,,,,2025-08-07 00:34:00.401824,2025-08-07,,0.0,
ENB205V4,6,15.516666666,2.586111111,1946.0236157618517,2019-04-02,5.349760438056126,1.0,,,,2025-08-07 00:34:00.401824,2025-08-07,,0.31471594798083496,
ENB205V5,6,24.816666667,4.136111111166667,1801.0236157618517,2018-09-10,5.908281998631074,1.0,,,,2025-08-07 00:34:00.401824,2025-08-07,,0.29650924024640657,
ENB205V6,6,13.450000001,2.2416666668333334,1434.0236157618517,2018-12-11,5.6563997262149215,1.0,,,,2025-08-07 00:34:00.401824,2025-08-07,,0.0,
ENB205V7,6,15.066666667,2.5111111111666666,1434.0236157618517,2018-12-11,5.6563997262149215,1.0,,,,2025-08-07 00:34:00.401824,2025-08-07,,0.0,
ENB205V8,6,14.133333334,2.3555555556666667,787.0236157618518,2018-12-11,5.6563997262149215,1.0,,,,2025-08-07 00:34:00.401824,2025-08-07,,2.24435318275154,
ENB205V9,6,39.933333331,6.655555555166667,787.0236157618518,2018-12-11,5.6563997262149215,1.0,,,,2025-08-07 00:34:00.401824,2025-08-07,,2.24435318275154,
ENB205VN1,64,2725.866667024,42.59166667225,1647.0236157618517,2018-05-09,6.247775496235455,1.0,5.0,0.0,,2025-08-07 00:34:00.401824,2025-08-07,2023-05-09,0.0,0.0
ENB205WSTPK1,60,2530.3833330049997,42.173055550083326,573.0236157618518,2018-07-10,6.078028747433265,1.0,5.0,0.0,,2025-08-07 00:34:00.401824,2025-08-07,2023-07-10,0.0,0.0
ER201B1,26,3091.749999997,118.91346153834616,1587.0236157618517,2018-10-04,5.842573579739904,1.0,0.0,0.0,,2025-08-07 00:34:00.401824,2025-08-07,2018-10-04,0.0,
ER201B2,26,2482.049999969,95.46346153726924,1587.0236157618517,2018-09-05,5.921971252566735,1.0,0.0,0.0,,2025-08-07 00:34:00.401824,2025-08-07,2018-09-05,0.0,
ER201B3,26,1006.233333299,38.70128204996154,1587.0236157618517,2018-10-04,5.842573579739904,1.0,0.0,0.0,,2025-08-07 00:34:00.401824,2025-08-07,2018-10-04,0.0,
ER201B4,26,218.616666637,8.408333332192308,1404.0236157618517,2018-10-04,5.842573579739904,1.0,0.0,0.0,,2025-08-07 00:34:00.401824,2025-08-07,2018-10-04,0.0,
ER201B5,26,119.51666667,4.596794871923077,1404.0236157618517,2018-10-04,5.842573579739904,1.0,0.0,0.0,,2025-08-07 00:34:00.401824,2025-08-07,2018-10-04,0.0,
ER201B6,26,232.899999966,8.957692306384615,1404.0236157618517,2018-10-04,5.842573579739904,1.0,0.0,0.0,,2025-08-07 00:34:00.401824,2025-08-07,2018-10-04,0.0,
ER201B7,26,2407.683333336,92.60320512830769,1404.0236157618517,2018-10-04,5.842573579739904,1.0,0.0,0.0,,2025-08-07 00:34:00.401824,2025-08-07,2018-10-04,0.0,
ER201B8,25,2484.4833333330002,99.37933333332,1558.0236157618517,2018-10-04,5.842573579739904,1.0,0.0,0.0,,2025-08-07 00:34:00.401824,2025-08-07,2018-10-04,0.0,
ER201C1,1,2.5,2.5,,,,1.0,0.0,,,2025-08-07 00:34:00.401824,2025-08-07,,0.0,
ER201C2,1,1.55,1.55,2004.0236157618517,2019-02-11,5.486652977412731,1.0,0.0,0.0,,2025-08-07 00:34:00.401824,2025-08-07,2019-02-11,0.0,
ER201CAC1,1,2.216666667,2.216666667,2095.023615761852,2018-11-12,5.735797399041752,1.0,0.0,0.0,,2025-08-07 00:34:00.401824,2025-08-07,2018-11-12,0.0,
ER201CAC2,1,2.216666667,2.216666667,2095.023615761852,2018-11-12,5.735797399041752,1.0,0.0,0.0,,2025-08-07 00:34:00.401824,2025-08-07,2018-11-12,0.0,
ER201CAC3,1,2.216666667,2.216666667,2095.023615761852,2018-11-12,5.735797399041752,1.0,0.0,0.0,,2025-08-07 00:34:00.401824,2025-08-07,2018-11-12,0.0,
ER201CT1,8,34.216666665999995,4.277083333249999,1700.0236157618517,2018-12-05,5.672826830937714,1.0,,,,2025-08-07 00:34:00.401824,2025-08-07,,0.0,
ER201CT2,7,40.25,5.75,1855.0236157618517,2019-07-10,5.078713210130048,1.0,,,,2025-08-07 00:34:00.401824,2025-08-07,,0.0,
ER201ED1,5,36.466666667,7.2933333334,2072.023615761852,2018-11-12,5.735797399041752,1.0,0.0,0.0,,2025-08-07 00:34:00.401824,2025-08-07,2018-11-12,0.0,
ER201ED2,5,37.5,7.5,1856.0236157618517,2018-12-05,5.672826830937714,1.0,0.0,0.0,,2025-08-07 00:34:00.401824,2025-08-07,2018-12-05,0.0,
ER201ED3,5,9.616666666,1.9233333332,2070.023615761852,2018-12-07,5.66735112936345,1.0,0.0,0.0,,2025-08-07 00:34:00.401824,2025-08-07,2018-12-07,0.0,
ER201ED4,5,161.83333333299998,32.3666666666,2070.023615761852,2018-12-07,5.66735112936345,1.0,0.0,0.0,,2025-08-07 00:34:00.401824,2025-08-07,2018-12-07,0.0,
ER201ED5,5,11.65,2.33,2095.023615761852,2018-11-12,5.735797399041752,1.0,0.0,0.0,,2025-08-07 00:34:00.401824,2025-08-07,2018-11-12,0.0,
ER201ED6,4,11.216666667,2.80416666675,2095.023615761852,2018-11-12,5.735797399041752,1.0,0.0,0.0,,2025-08-07 00:34:00.401824,2025-08-07,2018-11-12,0.0,
ER201EF1,1,3.0,3.0,,,,1.0,10.0,,,2025-08-07 00:34:00.401824,2025-08-07,,0.0,0.0
ER201EF2,1,24.25,24.25,,,,1.0,10.0,,,2025-08-07 00:34:00.401824,2025-08-07,,0.0,0.0
ER201EF3,1,2.566666667,2.566666667,,,,1.0,10.0,,,2025-08-07 00:34:00.401824,2025-08-07,,0.0,0.0
ER201EF4,1,5.666666667,5.666666667,1679.0236157618517,2020-01-02,4.596851471594798,1.0,10.0,5.403148528405202,,2025-08-07 00:34:00.401824,2025-08-07,2030-01-02,5.200547570157427,52.00547570157428
ER201FF1,1,0.5,0.5,,,,1.0,5.0,,,2025-08-07 00:34:00.401824,2025-08-07,,0.0,0.0
ER201FF2,1,0.5,0.5,,,,1.0,5.0,,,2025-08-07 00:34:00.401824,2025-08-07,,0.0,0.0
ER201FF3,1,1.25,1.25,1771.0236157618517,2019-10-02,4.848733744010952,1.0,5.0,0.1512662559890483,,2025-08-07 00:34:00.401824,2025-08-07,2024-10-02,0.12717316906228593,2.5434633812457186
ER201FF4,1,2.333333333,2.333333333,1771.0236157618517,2019-10-02,4.848733744010952,1.0,5.0,0.1512662559890483,,2025-08-07 00:34:00.401824,2025-08-07,2024-10-02,0.12717316906228593,2.5434633812457186
ER201GC1,32,5604.316666001,175.13489581253125,1794.0236157618517,2018-11-07,5.749486652977413,1.0,5.0,0.0,,2025-08-07 00:34:00.401824,2025-08-07,2023-11-07,0.7509924709103354,15.019849418206707
ER201GC2,31,3362.8999996660004,108.48064515051614,1794.0236157618517,2018-10-07,5.834360027378508,1.0,5.0,0.0,,2025-08-07 00:34:00.401824,2025-08-07,2023-10-07,0.7509924709103354,15.019849418206707
ER201GF1,10,82.85000000299999,8.285000000299998,2070.023615761852,2018-11-12,5.735797399041752,1.0,0.0,0.0,,2025-08-07 00:34:00.401824,2025-08-07,2018-11-12,0.0,
ER201GF2,10,249.38333330299997,24.938333330299997,1954.0236157618517,2018-11-07,5.749486652977413,1.0,0.0,0.0,,2025-08-07 00:34:00.401824,2025-08-07,2018-11-07,0.0,
ER201GF3,10,248.04999997,24.804999997,1954.0236157618517,2018-11-07,5.749486652977413,1.0,0.0,0.0,,2025-08-07 00:34:00.401824,2025-08-07,2018-11-07,0.0,
ER201GF4,10,190.566666633,19.0566666633,1856.0236157618517,2018-11-07,5.749486652977413,1.0,0.0,0.0,,2025-08-07 00:34:00.401824,2025-08-07,2018-11-07,0.0,
ER201IS1,2,4.2,2.1,2072.023615761852,2018-12-05,5.672826830937714,2.0,5.0,0.0,,2025-08-07 00:34:00.401824,2025-02-05,2023-12-05,0.0,0.0
ER201IS2,2,6.1166666670000005,3.0583333335000003,2072.023615761852,2018-12-05,5.672826830937714,2.0,5.0,0.0,,2025-08-07 00:34:00.401824,2025-02-05,2023-12-05,0.0,0.0
ER201IS3,2,6.1166666670000005,3.0583333335000003,2072.023615761852,2018-12-05,5.672826830937714,2.0,5.0,0.0,,2025-08-07 00:34:00.401824,2025-02-05,2023-12-05,0.0,0.0
ER201IS4,2,6.416666667,3.2083333335,,,,2.0,5.0,,,2025-08-07 00:34:00.401824,2025-02-05,,0.0,0.0
ER201IS5,1,2.5,2.5,,,,2.0,5.0,,,2025-08-07 00:34:00.401824,2025-02-05,,0.0,0.0
ER201IS6,1,2.5,2.5,,,,2.0,5.0,,,2025-08-07 00:34:00.401824,2025-02-05,,0.0,0.0
ER201MAP1,6,49.983333333,8.3305555555,1735.0236157618517,2019-11-07,4.7501711156741955,1.0,,,,2025-08-07 00:34:00.401824,2025-08-07,,0.0,
ER201MS1,43,4508.416666735,104.84689922639535,1434.0236157618517,2018-09-03,5.927446954141,2.0,10.0,4.072553045859,,2025-08-07 00:34:00.401824,2025-02-05,2028-09-03,3.0685831622176587,30.685831622176586
ER201P1,2,2.866666666,1.433333333,1983.0236157618517,2019-03-04,5.429158110882957,2.0,10.0,4.570841889117043,,2025-08-07 00:34:00.401824,2025-02-05,2029-03-04,4.505681040383299,45.05681040383299
ER201S1,17,180.84999999500002,10.63823529382353,,,,1.0,0.0,,,2025-08-07 00:34:00.401824,2025-08-07,,0.0,
ER201SB1,2,24.2,12.1,2072.023615761852,2018-12-05,5.672826830937714,2.0,10.0,4.327173169062286,,2025-08-07 00:34:00.401824,2025-02-05,2028-12-05,4.240657084188912,42.40657084188912
ER201SB2,2,3.4,1.7,2072.023615761852,2018-12-05,5.672826830937714,2.0,10.0,4.327173169062286,,2025-08-07 00:34:00.401824,2025-02-05,2028-12-05,4.240657084188912,42.40657084188912
ER201SB3,1,1.7,1.7,2072.023615761852,2018-12-05,5.672826830937714,2.0,10.0,4.327173169062286,,2025-08-07 00:34:00.401824,2025-02-05,2028-12-05,4.505681040383299,45.05681040383299
ER201TTB1,9,22.283333333,2.4759259258888893,1587.0236157618517,2018-10-08,5.831622176591376,1.0,,,,2025-08-07 00:34:00.401824,2025-08-07,,0.0,
ER201TTB2,9,15.033333334,1.6703703704444444,1587.0236157618517,2018-10-08,5.831622176591376,1.0,,,,2025-08-07 00:34:00.401824,2025-08-07,,0.0,
ER201TTB3,9,14.100000001,1.5666666667777778,1587.0236157618517,2018-11-12,5.735797399041752,1.0,,,,2025-08-07 00:34:00.401824,2025-08-07,,0.0,
ER201TTB4,9,17.783333334,1.9759259260000002,1587.0236157618517,2018-11-12,5.735797399041752,1.0,,,,2025-08-07 00:34:00.401824,2025-08-07,,0.0,
ER201TTH1,3,2.5,0.8333333333333334,,,,1.0,10.0,,,2025-08-07 00:34:00.401824,2025-08-07,,0.0,0.0
ER201TTH2,3,5.050000000000001,1.6833333333333336,2095.023615761852,2018-11-12,5.735797399041752,1.0,10.0,4.264202600958248,,2025-08-07 00:34:00.401824,2025-08-07,2028-11-12,4.349075975359343,43.49075975359343
ER201TTH3,3,11.25,3.75,1856.0236157618517,2019-07-09,5.08145106091718,1.0,10.0,4.91854893908282,,2025-08-07 00:34:00.401824,2025-08-07,2029-07-09,4.885694729637234,48.85694729637235
ER201TTR1,3,29.333333333,9.777777777666666,,,,1.0,20.0,,,2025-08-07 00:34:00.401824,2025-08-07,,0.0,0.0
ER201TTR2,3,83.649999997,27.883333332333333,2095.023615761852,2018-11-12,5.735797399041752,1.0,20.0,14.264202600958248,,2025-08-07 00:34:00.401824,2025-08-07,2038-11-12,11.37138945927447,56.856947296372354
ER201TTR3,3,12.066666667,4.022222222333333,1587.0236157618517,2019-07-09,5.08145106091718,1.0,20.0,14.91854893908282,,2025-08-07 00:34:00.401824,2025-08-07,2039-07-09,15.144695414099932,75.72347707049965
ER201TTR4,2,27.0,13.5,,,,1.0,20.0,,,2025-08-07 00:34:00.401824,2025-08-07,,0.0,0.0
ER201TTR5,2,26.5,13.25,,,,1.0,20.0,,,2025-08-07 00:34:00.401824,2025-08-07,,0.0,0.0
ER201WG1,11,77.649999997,7.059090908818181,1770.0236157618517,2018-11-12,5.735797399041752,1.0,5.0,0.0,,2025-08-07 00:34:00.401824,2025-08-07,2023-11-12,0.0,0.0
ER201WG2,11,95.73333333,8.703030302727273,1770.0236157618517,2018-11-12,5.735797399041752,1.0,5.0,0.0,,2025-08-07 00:34:00.401824,2025-08-07,2023-11-12,0.0,0.0
ER201WG3,11,76.48333333,6.953030302727272,2095.023615761852,2018-11-12,5.735797399041752,1.0,5.0,0.0,,2025-08-07 00:34:00.401824,2025-08-07,2023-11-12,0.0,0.0
ER201WG4,11,79.349999996,7.213636363272727,1771.0236157618517,2019-07-09,5.08145106091718,1.0,5.0,0.0,,2025-08-07 00:34:00.401824,2025-08-07,2024-07-09,0.08596851471594799,1.7193702943189597
ER201WG5,11,54.766666662999995,4.978787878454545,1771.0236157618517,2019-07-09,5.08145106091718,1.0,5.0,0.0,,2025-08-07 00:34:00.401824,2025-08-07,2024-07-09,0.08596851471594799,1.7193702943189597
TC101CCM1,3,1553.13333333,517.7111111099999,1947.0236157618517,2018-10-06,5.83709787816564,1.0,,,,2025-08-07 00:34:00.401824,2025-08-07,,1.1022587268993842,
TC101CCM2,3,0.416666666,0.13888888866666668,1801.0236157618517,2019-02-09,5.492128678986996,1.0,,,,2025-08-07 00:34:00.401824,2025-08-07,,0.0,
TC101CCM3,2,90.63333333,45.316666665,1947.0236157618517,,,1.0,,,,2025-08-07 00:34:00.401824,2025-08-07,,0.31471594798083496,
TC101CCM4,2,90.63333333,45.316666665,1947.0236157618517,,,1.0,,,,2025-08-07 00:34:00.401824,2025-08-07,,0.31471594798083496,
TC101CtMZT121121,1,3.666666667,3.666666667,1769.0236157618517,2019-10-04,4.843258042436688,1.0,,,,2025-08-07 00:34:00.401824,2025-08-07,,0.0,
TC101DCTZT1,14,1613.066667,115.21904764285715,1707.0236157618517,2019-02-04,5.505817932922656,1.0,10.0,4.494182067077344,,2025-08-07 00:34:00.401824,2025-08-07,2029-02-04,1.611362080766598,16.113620807665978
TC101DO1,4,34.233333333,8.55833333325,,,,2.0,,,,2025-08-07 00:34:00.401824,2025-02-05,,0.0,
TC101FTVVEF191,14,45.783333333,3.2702380952142858,1924.0236157618517,2018-03-08,6.417522245037645,1.0,7.0,0.5824777549623548,,2025-08-07 00:34:00.401824,2025-08-07,2025-03-08,0.6821355236139631,9.744793194485188
TC101H0D1,5,1551.25,310.25,2036.0236157618517,2019-01-10,5.574264202600959,2.0,,,,2025-08-07 00:34:00.401824,2025-02-05,,0.0,
TC101PAMRJM31,244,3752.69999998,15.379918032704918,453.02361576185183,2018-03-01,6.436687200547571,1.0,7.0,0.5633127994524294,,2025-08-07 00:34:00.401824,2025-08-07,2025-03-01,0.42327173169062265,6.046739024151752
TC101SPC1,1,26.8,26.8,,,,1.0,20.0,,,2025-08-07 00:34:00.401824,2025-08-07,,0.0,0.0
TC101SPC2,1,0.25,0.25,2006.0236157618517,2019-02-09,5.492128678986996,1.0,20.0,14.507871321013004,,2025-08-07 00:34:00.401824,2025-08-07,2039-02-09,11.619438740588638,58.097193702943194
TC101SPC3,1,93.93333333,93.93333333,1404.0236157618517,2020-06-03,4.177960301163586,1.0,20.0,15.822039698836413,,2025-08-07 00:34:00.401824,2025-08-07,2040-06-03,3.1644079397672824,15.822039698836413
TC101SPC4,1,7.5,7.5,1343.0236157618517,2020-12-03,3.676933607118412,1.0,20.0,16.32306639288159,,2025-08-07 00:34:00.401824,2025-08-07,2040-12-03,9.146611909650924,45.733059548254616
TC101SS26WN02,4,10.166666667,2.54166666675,,,,2.0,,,,2025-08-07 00:34:00.401824,2025-02-05,,0.0,
TC101SSH109191,5,35.5,7.1,,,,2.0,,,,2025-08-07 00:34:00.401824,2025-02-05,,0.0,
TC101USTWT162621,2,5.75,2.875,,,,1.0,,,,2025-08-07 00:34:00.401824,2025-08-07,,0.0,
TC101USTn1175015,1,2.583333333,2.583333333,,,,1.0,,,,2025-08-07 00:34:00.401824,2025-08-07,,0.0,
TC101USTn117585,1,5.616666667,5.616666667,,,,1.0,,,,2025-08-07 00:34:00.401824,2025-08-07,,0.0,
TC101USTn1541112,1,3.616666667,3.616666667,,,,1.0,,,,2025-08-07 00:34:00.401824,2025-08-07,,0.0,
TC101USTn160416,1,5.616666667,5.616666667,,,,1.0,,,,2025-08-07 00:34:00.401824,2025-08-07,,0.0,
TC101USTn1605111,1,3.616666667,3.616666667,,,,1.0,,,,2025-08-07 00:34:00.401824,2025-08-07,,0.0,
TC101USTn160724,2,9.2,4.6,1856.0236157618517,2019-07-09,5.08145106091718,1.0,,,,2025-08-07 00:34:00.401824,2025-08-07,,0.0,
TC101USTn1624210,1,3.616666667,3.616666667,,,,1.0,,,,2025-08-07 00:34:00.401824,2025-08-07,,0.0,
TC101USTn1626214,1,2.583333333,2.583333333,,,,1.0,,,,2025-08-07 00:34:00.401824,2025-08-07,,0.0,
TC101USTn162622,2,9.2,4.6,1856.0236157618517,2019-07-09,5.08145106091718,1.0,,,,2025-08-07 00:34:00.401824,2025-08-07,,0.0,
TC101USTn162627,1,5.616666667,5.616666667,,,,1.0,,,,2025-08-07 00:34:00.401824,2025-08-07,,0.0,
TC101USTn1627213,1,2.583333333,2.583333333,,,,1.0,,,,2025-08-07 00:34:00.401824,2025-08-07,,0.0,
TC101USTn1627216,1,2.0,2.0,,,,1.0,,,,2025-08-07 00:34:00.401824,2025-08-07,,0.0,
TC101USTn1627217,1,2.0,2.0,,,,1.0,,,,2025-08-07 00:34:00.401824,2025-08-07,,0.0,
TC101USTn162723,2,9.2,4.6,1856.0236157618517,2019-07-09,5.08145106091718,1.0,,,,2025-08-07 00:34:00.401824,2025-08-07,,0.0,
TC101USTn162819,1,3.616666667,3.616666667,,,,1.0,,,,2025-08-07 00:34:00.401824,2025-08-07,,0.0,
TC101USTn162888,1,0.916666667,0.916666667,,,,1.0,,,,2025-08-07 00:34:00.401824,2025-08-07,,0.0,
TC102E3C1,63,176.033333333,2.794179894174603,270.0236157618519,2018-03-01,6.436687200547571,1.0,,,,2025-08-07 00:34:00.401824,2025-08-07,,1.682546201232033,
TC102H0DEC1,6,1622.1666666669998,270.3611111111666,2036.0236157618517,2018-12-02,5.68104038329911,1.0,,,,2025-08-07 00:34:00.401824,2025-08-07,,0.8811772758384668,
