UniqueID,UsageFrequency,TotalDuration,AverageDuration,TimeSinceLastUse,FirstBorrowDate,CurrentAge,NumericalFrequency,Estimated Useful Life,RemainingUsefulLife,Calibration Due,NextCalibrationDate,NextMaintenanceDate,DepreciationDate,PredictedRUL,HealthPercentage,MAE,RMSE,R-squared,F-statistic
ENB201BEaH1,25,872.6,34.904,332.0236157618519,2019-04-11,5.325119780971937,1.0,10.0,4.674880219028063,,2025-08-07 00:34:00.401824,2025-08-07,2029-04-11,4.72081585779099,47.208158577909906,0.7593781793203157,1.0978112494073458,0.9156856393825517,561.1194149486462
ENB201DORDG1D11,15,854.25,56.95,331.0236157618519,2018-03-08,6.417522245037645,1.0,10.0,3.5824777549623548,,2025-08-07 00:34:00.401824,2025-08-07,2028-03-08,3.791981237886295,37.91981237886295,0.7593781793203157,1.0978112494073458,0.9156856393825517,561.1194149486462
ENB201DORDS1EU2,15,123.033333333,8.2022222222,331.0236157618519,2018-04-03,6.346338124572211,1.0,10.0,3.6536618754277894,,2025-08-07 00:34:00.401824,2025-08-07,2028-04-03,3.8804968935457147,38.80496893545715,0.7593781793203157,1.0978112494073458,0.9156856393825517,561.1194149486462
ENB201DPSM160801,3,8.266666665999999,2.755555555333333,332.0236157618519,2019-09-12,4.903490759753593,2.0,10.0,5.096509240246407,,2025-08-07 00:34:00.401824,2025-02-05,2029-09-12,5.205045759364399,52.050457593644,0.7593781793203157,1.0978112494073458,0.9156856393825517,561.1194149486462
ENB201FGMSO6031,60,3196.199999994,53.2699999999,241.02361576185186,2018-03-06,6.422997946611909,4.0,10.0,3.5770020533880906,,2025-08-07 00:34:00.401824,2024-11-06,2028-03-06,3.7916778198149554,37.91677819814955,0.7593781793203157,1.0978112494073458,0.9156856393825517,561.1194149486462
ENB201FGMSO6032,59,4778.733333333,80.99548022598304,241.02361576185186,2018-03-05,6.425735797399041,4.0,10.0,3.5742642026009586,,2025-08-07 00:34:00.401824,2024-11-06,2028-03-05,3.9443944380368565,39.44394438036857,0.7593781793203157,1.0978112494073458,0.9156856393825517,561.1194149486462
ENB204AN1,1,1.45,1.45,1985.0236157618517,2019-03-02,5.434633812457221,2.0,10.0,4.565366187542779,,2025-08-07 00:34:00.401824,2025-02-05,2029-03-02,4.980236379751691,49.80236379751691,0.7593781793203157,1.0978112494073458,0.9156856393825517,561.1194149486462
ENB204ATRK175481,34,95.399999994,2.805882352764706,666.0236157618518,2018-10-06,5.83709787816564,1.0,10.0,4.16290212183436,,2025-08-07 00:34:00.401824,2025-08-07,2028-10-06,4.236370102355945,42.36370102355945,0.7593781793203157,1.0978112494073458,0.9156856393825517,561.1194149486462
ENB204AtAN1,9,29.5,3.2777777777777777,394.02361576185183,2018-11-06,5.752224503764545,1.0,10.0,4.247775496235455,,2025-08-07 00:34:00.401824,2025-08-07,2028-11-06,4.442264444409991,44.422644444099916,0.7593781793203157,1.0978112494073458,0.9156856393825517,561.1194149486462
ENB204AtRK175491,7,9.883333333,1.4119047618571428,271.0236157618519,2023-11-10,0.7419575633127995,1.0,10.0,9.2580424366872,,2025-08-07 00:34:00.401824,2025-08-07,2033-11-10,8.74929270748644,87.4929270748644,0.7593781793203157,1.0978112494073458,0.9156856393825517,561.1194149486462
ENB204DOU210001,15,126.033333333,8.4022222222,331.0236157618519,2018-03-01,6.436687200547571,1.0,10.0,3.5633127994524294,,2025-08-07 00:34:00.401824,2025-08-07,2028-03-01,3.8027266288939088,38.02726628893909,0.7593781793203157,1.0978112494073458,0.9156856393825517,561.1194149486462
ENB204DOU210002,15,112.75,7.516666666666667,331.0236157618519,2018-04-02,6.349075975359343,1.0,10.0,3.6509240246406574,,2025-08-07 00:34:00.401824,2025-08-07,2028-04-02,3.878527973702976,38.78527973702976,0.7593781793203157,1.0978112494073458,0.9156856393825517,561.1194149486462
ENB204DPSH101004,15,158.833333333,10.588888888866668,1976.0236157618517,2018-04-04,6.3436002737850785,1.0,15.0,8.656399726214921,,2025-08-07 00:34:00.401824,2025-08-07,2033-04-04,7.923112914857204,52.820752765714694,0.7593781793203157,1.0978112494073458,0.9156856393825517,561.1194149486462
ENB204DPSML111353,15,157.416666667,10.494444444466666,2135.023615761852,2018-04-03,6.346338124572211,1.0,15.0,8.65366187542779,,2025-08-07 00:34:00.401824,2025-08-07,2033-04-03,7.9414837455890455,52.94322497059364,0.7593781793203157,1.0978112494073458,0.9156856393825517,561.1194149486462
ENB204DPSML160801,3,31.033333333,10.344444444333334,1916.0236157618517,2019-05-10,5.245722108145106,1.0,10.0,4.754277891854894,,2025-08-07 00:34:00.401824,2025-08-07,2029-05-10,5.0998033950333905,50.99803395033391,0.7593781793203157,1.0978112494073458,0.9156856393825517,561.1194149486462
ENB204ESA120201,98,7117.266666771,72.62517006909184,1343.0236157618517,2018-03-06,6.422997946611909,1.0,5.0,0.0,,2025-08-07 00:34:00.401824,2025-08-07,2023-03-06,0.33329982159110916,6.665996431822182,0.7593781793203157,1.0978112494073458,0.9156856393825517,561.1194149486462
ENB204NaCL101471,17,4330.866666667,254.75686274511762,2280.023615761852,2018-05-11,6.242299794661191,2.0,10.0,3.757700205338809,,2025-08-07 00:34:00.401824,2025-02-05,2028-05-11,4.142160337250415,41.421603372504144,0.7593781793203157,1.0978112494073458,0.9156856393825517,561.1194149486462
ENB204OAI202013,28,1092.083333328,39.002976190285715,241.02361576185186,2018-04-07,6.335386721423682,1.0,15.0,8.664613278576319,,2025-08-07 00:34:00.401824,2025-08-07,2033-04-07,7.666749071955019,51.11166047970013,0.7593781793203157,1.0978112494073458,0.9156856393825517,561.1194149486462
ENB204OAI202015,27,219.966666665,8.146913580185185,270.0236157618519,2018-04-06,6.338124572210814,1.0,15.0,8.661875427789186,,2025-08-07 00:34:00.401824,2025-08-07,2033-04-06,7.635272600092353,50.90181733394902,0.7593781793203157,1.0978112494073458,0.9156856393825517,561.1194149486462
ENB204OAI202016,27,2438.2166663310004,90.30432097522224,241.02361576185186,2018-03-12,6.406570841889117,1.0,15.0,8.593429158110883,,2025-08-07 00:34:00.401824,2025-08-07,2033-03-12,7.664744253960949,51.098295026406326,0.7593781793203157,1.0978112494073458,0.9156856393825517,561.1194149486462
ENB204OAI4,27,155.2,5.748148148148148,272.0236157618519,2018-03-06,6.422997946611909,1.0,15.0,8.57700205338809,,2025-08-07 00:34:00.401824,2025-08-07,2033-03-06,7.559892737883032,50.39928491922021,0.7593781793203157,1.0978112494073458,0.9156856393825517,561.1194149486462
ENB204OP052002,28,112.216666667,4.00773809525,241.02361576185186,2018-03-07,6.420260095824777,1.0,15.0,8.579739904175224,,2025-08-07 00:34:00.401824,2025-08-07,2033-03-07,7.549675066203108,50.331167108020715,0.7593781793203157,1.0978112494073458,0.9156856393825517,561.1194149486462
ENB204OW650201,28,167.633333333,5.986904761892857,241.02361576185186,2018-04-11,6.324435318275154,1.0,15.0,8.675564681724847,,2025-08-07 00:34:00.401824,2025-08-07,2033-04-11,7.634535111968147,50.89690074645431,0.7593781793203157,1.0978112494073458,0.9156856393825517,561.1194149486462
ENB204PAF080501,4,188.95000003,47.2375000075,241.02361576185186,2023-12-10,0.6598220396988365,1.0,15.0,14.340177960301164,,2025-08-07 00:34:00.401824,2025-08-07,2038-12-10,12.568271248507997,83.78847499005332,0.7593781793203157,1.0978112494073458,0.9156856393825517,561.1194149486462
ENB204PB1,4,14.25,3.5625,1769.0236157618517,2019-08-01,5.018480492813142,2.0,10.0,4.981519507186858,,2025-08-07 00:34:00.401824,2025-02-05,2029-08-01,5.284566793243555,52.845667932435546,0.7593781793203157,1.0978112494073458,0.9156856393825517,561.1194149486462
ENB204PCN66K1,2,6.25,3.125,1916.0236157618517,2019-04-02,5.349760438056126,2.0,3.0,0.0,,2025-08-07 00:34:00.401824,2025-02-05,2022-04-02,-0.325555597953457,-10.851853265115235,0.7593781793203157,1.0978112494073458,0.9156856393825517,561.1194149486462
ENB204PSP1,11,118.68333333300001,10.789393939363636,1344.0236157618517,2018-05-02,6.26694045174538,2.0,5.0,0.0,,2025-08-07 00:34:00.401824,2025-02-05,2023-05-02,0.2738101413530103,5.476202827060206,0.7593781793203157,1.0978112494073458,0.9156856393825517,561.1194149486462
ENB204PSP2,11,24.016666666,2.1833333332727274,1344.0236157618517,2018-05-02,6.26694045174538,2.0,5.0,0.0,,2025-08-07 00:34:00.401824,2025-02-05,2023-05-02,0.28345839917784676,5.669167983556935,0.7593781793203157,1.0978112494073458,0.9156856393825517,561.1194149486462
ENB204PWSR1,33,2282.583333335,69.16919191924242,1761.0236157618517,2018-05-07,6.253251197809719,1.0,10.0,3.7467488021902806,,2025-08-07 00:34:00.401824,2025-08-07,2028-05-07,4.1579519603103385,41.579519603103385,0.7593781793203157,1.0978112494073458,0.9156856393825517,561.1194149486462
ENB204SB1,49,115.983333336,2.36700680277551,1373.0236157618517,2019-04-04,5.344284736481861,1.0,5.0,0.0,,2025-08-07 00:34:00.401824,2025-08-07,2024-04-04,0.8209119329851213,16.41823865970243,0.7593781793203157,1.0978112494073458,0.9156856393825517,561.1194149486462
ENB204UCG049891,78,783.583333333,10.045940170935898,331.0236157618519,2018-07-06,6.0889801505817935,1.0,5.0,0.0,,2025-08-07 00:34:00.401824,2025-08-07,2023-07-06,-0.08895336785113273,-1.7790673570226547,0.7593781793203157,1.0978112494073458,0.9156856393825517,561.1194149486462
ENB204UDAG672011,1,71.5,71.5,758.0236157618518,2022-04-11,2.324435318275154,4.0,15.0,12.675564681724847,,2025-08-07 00:34:00.401824,2024-11-06,2037-04-11,11.145096864732206,74.30064576488138,0.7593781793203157,1.0978112494073458,0.9156856393825517,561.1194149486462
ENB204XUJSDXAO161,1,4.0,4.0,455.02361576185183,2023-05-10,1.2457221081451062,2.0,5.0,3.754277891854894,,2025-08-07 00:34:00.401824,2025-02-05,2028-05-10,4.547668224236169,90.95336448472338,0.7593781793203157,1.0978112494073458,0.9156856393825517,561.1194149486462
ENB2051FEDF30H41,8,190.1833333,23.7729166625,1791.0236157618517,2019-09-12,4.903490759753593,1.0,5.0,0.09650924024640695,,2025-08-07 00:34:00.401824,2025-08-07,2024-09-12,1.5007621026720974,30.01524205344195,0.7593781793203157,1.0978112494073458,0.9156856393825517,561.1194149486462
ENB205ACS4,22,1508.35,68.56136363636364,241.02361576185186,2018-11-11,5.738535249828884,2.0,2.0,0.0,,2025-08-07 00:34:00.401824,2025-02-05,2020-11-11,-1.7498171843648387,-87.49085921824194,0.7593781793203157,1.0978112494073458,0.9156856393825517,561.1194149486462
ENB205ACSBVD043,22,67.133333332,3.0515151514545455,241.02361576185186,2018-11-05,5.754962354551677,2.0,2.0,0.0,,2025-08-07 00:34:00.401824,2025-02-05,2020-11-05,-1.7914599696363336,-89.57299848181668,0.7593781793203157,1.0978112494073458,0.9156856393825517,561.1194149486462
ENB205ACSBVD051,23,67.099999999,2.9173913043043482,241.02361576185186,2018-05-10,6.245037645448323,2.0,2.0,0.0,,2025-08-07 00:34:00.401824,2025-02-05,2020-05-10,-2.219495885231939,-110.97479426159695,0.7593781793203157,1.0978112494073458,0.9156856393825517,561.1194149486462
ENB205ACSBVD062,23,116.266666663,5.055072463608695,241.02361576185186,2018-11-04,5.757700205338809,2.0,2.0,0.0,,2025-08-07 00:34:00.401824,2025-02-05,2020-11-04,-1.7994149786039104,-89.97074893019553,0.7593781793203157,1.0978112494073458,0.9156856393825517,561.1194149486462
ENB205ADCS3,1,1.5,1.5,2283.023615761852,2018-05-08,6.250513347022587,1.0,7.0,0.7494866529774127,,2025-08-07 00:34:00.401824,2025-08-07,2025-05-08,2.0209326348602863,28.870466212289802,0.7593781793203157,1.0978112494073458,0.9156856393825517,561.1194149486462
ENB205ADCS4,1,0.833333333,0.833333333,2066.023615761852,2018-12-11,5.6563997262149215,1.0,7.0,1.3436002737850785,,2025-08-07 00:34:00.401824,2025-08-07,2025-12-11,2.505063605933716,35.78662294191023,0.7593781793203157,1.0978112494073458,0.9156856393825517,561.1194149486462
ENB205ADI1,83,9214.666667032,111.02008032568673,1766.0236157618517,2018-02-04,6.505133470225872,1.0,5.0,0.0,,2025-08-07 00:34:00.401824,2025-08-07,2023-02-04,0.6166230422909051,12.332460845818103,0.7593781793203157,1.0978112494073458,0.9156856393825517,561.1194149486462
ENB205AT1,7,76.0,10.857142857142858,270.0236157618519,2023-11-11,0.7392197125256673,2.0,10.0,9.260780287474333,,2025-08-07 00:34:00.401824,2025-02-05,2033-11-11,8.735633333010686,87.35633333010686,0.7593781793203157,1.0978112494073458,0.9156856393825517,561.1194149486462
ENB205Bcfn3,1,2.216666667,2.216666667,2095.023615761852,2018-11-12,5.735797399041752,1.0,5.0,0.0,,2025-08-07 00:34:00.401824,2025-08-07,2023-11-12,0.9060041681119477,18.120083362238955,0.7593781793203157,1.0978112494073458,0.9156856393825517,561.1194149486462
ENB205Bcfn4,1,4.733333333,4.733333333,1794.0236157618517,2019-09-09,4.91170431211499,1.0,5.0,0.08829568788500985,,2025-08-07 00:34:00.401824,2025-08-07,2024-09-09,1.5688606951139246,31.377213902278488,0.7593781793203157,1.0978112494073458,0.9156856393825517,561.1194149486462
ENB205CCDL1,4,8.55,2.1375,2100.023615761852,2018-11-07,5.749486652977413,1.0,5.0,0.0,,2025-08-07 00:34:00.401824,2025-08-07,2023-11-07,0.8745306281015264,17.490612562030527,0.7593781793203157,1.0978112494073458,0.9156856393825517,561.1194149486462
ENB205CCDL2,3,14.333333333,4.777777777666667,2100.023615761852,2018-11-07,5.749486652977413,1.0,5.0,0.0,,2025-08-07 00:34:00.401824,2025-08-07,2023-11-07,0.8754634136774868,17.509268273549736,0.7593781793203157,1.0978112494073458,0.9156856393825517,561.1194149486462
ENB205CDL1,2,13.5,6.75,336.0236157618519,2023-09-06,0.919917864476386,2.0,5.0,4.080082135523614,,2025-08-07 00:34:00.401824,2025-02-05,2028-09-06,4.7990951574077885,95.98190314815577,0.7593781793203157,1.0978112494073458,0.9156856393825517,561.1194149486462
ENB205CFPn1,80,266.883333334,3.336041666675,1791.0236157618517,2019-03-05,5.426420260095825,1.0,5.0,0.0,,2025-08-07 00:34:00.401824,2025-08-07,2024-03-05,0.6015145700546811,12.030291401093622,0.7593781793203157,1.0978112494073458,0.9156856393825517,561.1194149486462
ENB205CM1,7,1500.333333334,214.33333333342856,1955.0236157618517,2018-05-02,6.26694045174538,1.0,7.0,0.7330595482546203,,2025-08-07 00:34:00.401824,2025-08-07,2025-05-02,1.5646309401524654,22.35187057360665,0.7593781793203157,1.0978112494073458,0.9156856393825517,561.1194149486462
ENB205CM2,6,2182.216666667,363.7027777778333,2071.023615761852,2018-05-07,6.253251197809719,1.0,7.0,0.7467488021902806,,2025-08-07 00:34:00.401824,2025-08-07,2025-05-07,1.2964983895281597,18.521405564687996,0.7593781793203157,1.0978112494073458,0.9156856393825517,561.1194149486462
ENB205CT2,15,711.266666667,47.4177777778,2070.023615761852,2018-11-02,5.763175906913073,2.0,10.0,4.236824093086927,,2025-08-07 00:34:00.401824,2025-02-05,2028-11-02,4.585841294844812,45.85841294844812,0.7593781793203157,1.0978112494073458,0.9156856393825517,561.1194149486462
ENB205CTBT10,8,28.666666667,3.583333333375,605.0236157618518,2019-10-02,4.848733744010952,1.0,10.0,5.151266255989048,,2025-08-07 00:34:00.401824,2025-08-07,2029-10-02,5.252498853341719,52.52498853341719,0.7593781793203157,1.0978112494073458,0.9156856393825517,561.1194149486462
ENB205CTBT11,8,29.183333334,3.64791666675,605.0236157618518,2019-10-02,4.848733744010952,1.0,10.0,5.151266255989048,,2025-08-07 00:34:00.401824,2025-08-07,2029-10-02,5.25239930214371,52.5239930214371,0.7593781793203157,1.0978112494073458,0.9156856393825517,561.1194149486462
ENB205CTBT18,7,1384.783333334,197.82619047628572,1770.0236157618517,2018-04-10,6.327173169062286,1.0,10.0,3.672826830937714,,2025-08-07 00:34:00.401824,2025-08-07,2028-04-10,3.8132084113005336,38.13208411300534,0.7593781793203157,1.0978112494073458,0.9156856393825517,561.1194149486462
ENB205CTBT5,8,32.383333334,4.04791666675,1772.0236157618517,2019-07-09,5.08145106091718,1.0,10.0,4.91854893908282,,2025-08-07 00:34:00.401824,2025-08-07,2029-07-09,5.203472692119895,52.034726921198946,0.7593781793203157,1.0978112494073458,0.9156856393825517,561.1194149486462
ENB205CTBT6,8,34.1,4.2625,1772.0236157618517,2019-07-09,5.08145106091718,1.0,10.0,4.91854893908282,,2025-08-07 00:34:00.401824,2025-08-07,2029-07-09,5.203141925236527,52.031419252365275,0.7593781793203157,1.0978112494073458,0.9156856393825517,561.1194149486462
ENB205CTBT7,8,30.766666667000003,3.8458333333750003,1772.0236157618517,2018-05-08,6.250513347022587,1.0,10.0,3.7494866529774127,,2025-08-07 00:34:00.401824,2025-08-07,2028-05-08,4.198934995079527,41.989349950795265,0.7593781793203157,1.0978112494073458,0.9156856393825517,561.1194149486462
ENB205CTBT8,8,32.083333333,4.010416666625,1771.0236157618517,2019-07-09,5.08145106091718,1.0,10.0,4.91854893908282,,2025-08-07 00:34:00.401824,2025-08-07,2029-07-09,5.203400488763321,52.03400488763321,0.7593781793203157,1.0978112494073458,0.9156856393825517,561.1194149486462
ENB205CTBT9,8,31.15,3.89375,1764.0236157618517,2019-10-02,4.848733744010952,1.0,10.0,5.151266255989048,,2025-08-07 00:34:00.401824,2025-08-07,2029-10-02,5.4026988007061005,54.02698800706101,0.7593781793203157,1.0978112494073458,0.9156856393825517,561.1194149486462
ENB205CTCK12,8,51.700000001,6.462500000125,605.0236157618518,2019-10-02,4.848733744010952,1.0,10.0,5.151266255989048,,2025-08-07 00:34:00.401824,2025-08-07,2029-10-02,5.2480607967106065,52.48060796710606,0.7593781793203157,1.0978112494073458,0.9156856393825517,561.1194149486462
ENB205CTCK13,8,57.033333334,7.12916666675,605.0236157618518,2019-10-02,4.848733744010952,1.0,10.0,5.151266255989048,,2025-08-07 00:34:00.401824,2025-08-07,2029-10-02,5.247033171441557,52.47033171441557,0.7593781793203157,1.0978112494073458,0.9156856393825517,561.1194149486462
ENB205CTCK14,8,47.866666667000004,5.9833333333750005,605.0236157618518,2019-10-02,4.848733744010952,1.0,10.0,5.151266255989048,,2025-08-07 00:34:00.401824,2025-08-07,2029-10-02,5.24879940237291,52.4879940237291,0.7593781793203157,1.0978112494073458,0.9156856393825517,561.1194149486462
ENB205CTCK15,8,73.599999997,9.199999999625,1764.0236157618517,2019-10-02,4.848733744010952,1.0,10.0,5.151266255989048,,2025-08-07 00:34:00.401824,2025-08-07,2029-10-02,5.394519545830328,53.94519545830329,0.7593781793203157,1.0978112494073458,0.9156856393825517,561.1194149486462
ENB205CTCK16,8,45.849999997,5.731249999625,1764.0236157618517,2019-03-07,5.420944558521561,1.0,10.0,4.579055441478439,,2025-08-07 00:34:00.401824,2025-08-07,2029-03-07,4.908031556208385,49.080315562083854,0.7593781793203157,1.0978112494073458,0.9156856393825517,561.1194149486462
ENB205CTCK19,7,19.766666667,2.823809523857143,1770.0236157618517,2018-04-11,6.324435318275154,1.0,10.0,3.675564681724846,,2025-08-07 00:34:00.401824,2025-08-07,2028-04-11,4.1434680219835505,41.434680219835506,0.7593781793203157,1.0978112494073458,0.9156856393825517,561.1194149486462
ENB205CTCK20,7,27.266666667,3.895238095285714,1770.0236157618517,2018-04-12,6.321697467488022,1.0,10.0,3.678302532511978,,2025-08-07 00:34:00.401824,2025-08-07,2028-04-12,4.1440196376341865,41.440196376341866,0.7593781793203157,1.0978112494073458,0.9156856393825517,561.1194149486462
ENB205CTCK21,7,28.633333334,4.090476190571429,1770.0236157618517,2019-10-01,4.851471594798084,1.0,10.0,5.148528405201916,,2025-08-07 00:34:00.401824,2025-08-07,2029-10-01,5.407400979490328,54.074009794903276,0.7593781793203157,1.0978112494073458,0.9156856393825517,561.1194149486462
ENB205CTE17,8,29.483333334,3.68541666675,573.0236157618518,2019-07-08,5.084188911704312,1.0,10.0,4.915811088295688,,2025-08-07 00:34:00.401824,2025-08-07,2029-07-08,5.045799460048071,50.45799460048072,0.7593781793203157,1.0978112494073458,0.9156856393825517,561.1194149486462
ENB205CTHT4,8,38.133333334,4.76666666675,1772.0236157618517,2019-07-09,5.08145106091718,1.0,10.0,4.91854893908282,,2025-08-07 00:34:00.401824,2025-08-07,2029-07-09,5.202364783626631,52.02364783626632,0.7593781793203157,1.0978112494073458,0.9156856393825517,561.1194149486462
ENB205CTPH22,7,28.633333334,4.090476190571429,1770.0236157618517,2019-10-01,4.851471594798084,1.0,10.0,5.148528405201916,,2025-08-07 00:34:00.401824,2025-08-07,2029-10-01,5.407400979490328,54.074009794903276,0.7593781793203157,1.0978112494073458,0.9156856393825517,561.1194149486462
ENB205CTPK1,23,782.183333337,34.00797101465218,1770.0236157618517,2018-04-02,6.349075975359343,1.0,10.0,3.6509240246406574,,2025-08-07 00:34:00.401824,2025-08-07,2028-04-02,4.031661384620086,40.31661384620085,0.7593781793203157,1.0978112494073458,0.9156856393825517,561.1194149486462
ENB205CTW2,8,32.183333334,4.02291666675,1770.0236157618517,2019-07-09,5.08145106091718,1.0,10.0,4.91854893908282,,2025-08-07 00:34:00.401824,2025-08-07,2029-07-09,5.203251213511178,52.03251213511179,0.7593781793203157,1.0978112494073458,0.9156856393825517,561.1194149486462
ENB205CTW3,8,29.683333334,3.71041666675,1770.0236157618517,2019-07-09,5.08145106091718,1.0,10.0,4.91854893908282,,2025-08-07 00:34:00.401824,2025-08-07,2029-07-09,5.203732912856076,52.03732912856076,0.7593781793203157,1.0978112494073458,0.9156856393825517,561.1194149486462
ENB205CTn10,15,63.550000003,4.236666666866666,1954.0236157618517,2018-04-04,6.3436002737850785,2.0,10.0,3.6563997262149215,,2025-08-07 00:34:00.401824,2025-02-05,2028-04-04,4.096075272908406,40.960752729084064,0.7593781793203157,1.0978112494073458,0.9156856393825517,561.1194149486462
ENB205CTn11,14,711.0499999990001,50.789285714214294,1770.0236157618517,2018-04-04,6.3436002737850785,2.0,10.0,3.6563997262149215,,2025-08-07 00:34:00.401824,2025-02-05,2028-04-04,4.046089757350399,40.460897573503985,0.7593781793203157,1.0978112494073458,0.9156856393825517,561.1194149486462
ENB205CTn3,15,117.000000003,7.8000000002,1647.0236157618517,2018-10-09,5.8288843258042435,2.0,10.0,4.1711156741957565,,2025-08-07 00:34:00.401824,2025-02-05,2028-10-09,4.496581293866232,44.96581293866232,0.7593781793203157,1.0978112494073458,0.9156856393825517,561.1194149486462
ENB205CTn4,15,1736.333333297,115.75555555313333,1557.0236157618517,2018-05-11,6.242299794661191,2.0,10.0,3.757700205338809,,2025-08-07 00:34:00.401824,2025-02-05,2028-05-11,4.069010521099838,40.69010521099838,0.7593781793203157,1.0978112494073458,0.9156856393825517,561.1194149486462
ENB205CTn5,15,95.383333337,6.3588888891333335,1702.0236157618517,2019-04-12,5.322381930184805,2.0,10.0,4.677618069815195,,2025-08-07 00:34:00.401824,2025-02-05,2029-04-12,4.939895862632991,49.39895862632991,0.7593781793203157,1.0978112494073458,0.9156856393825517,561.1194149486462
ENB205CTn6,15,62.7,4.180000000000001,1772.0236157618517,2019-04-12,5.322381930184805,2.0,10.0,4.677618069815195,,2025-08-07 00:34:00.401824,2025-02-05,2029-04-12,4.950217966924004,49.50217966924004,0.7593781793203157,1.0978112494073458,0.9156856393825517,561.1194149486462
ENB205CTn7,15,71.68333333,4.778888888666667,1772.0236157618517,2018-04-05,6.3408624229979464,2.0,10.0,3.6591375770020536,,2025-08-07 00:34:00.401824,2025-02-05,2028-04-05,4.074463228011005,40.744632280110054,0.7593781793203157,1.0978112494073458,0.9156856393825517,561.1194149486462
ENB205CTn8,15,42.3,2.82,1770.0236157618517,2018-04-04,6.3436002737850785,2.0,10.0,3.6563997262149215,,2025-08-07 00:34:00.401824,2025-02-05,2028-04-04,4.072948188391983,40.72948188391983,0.7593781793203157,1.0978112494073458,0.9156856393825517,561.1194149486462
ENB205CTn9,15,84.016666667,5.601111111133333,2130.023615761852,2018-04-04,6.3436002737850785,2.0,10.0,3.6563997262149215,,2025-08-07 00:34:00.401824,2025-02-05,2028-04-04,4.118191577607023,41.181915776070234,0.7593781793203157,1.0978112494073458,0.9156856393825517,561.1194149486462
ENB205CfDn1,2,5.25,2.625,2351.023615761852,2018-03-01,6.436687200547571,1.0,10.0,3.5633127994524294,,2025-08-07 00:34:00.401824,2025-08-07,2028-03-01,4.156772133158849,41.567721331588494,0.7593781793203157,1.0978112494073458,0.9156856393825517,561.1194149486462
ENB205D1,6,31.433333334,5.238888889,1798.0236157618517,2018-04-11,6.324435318275154,1.0,7.0,0.675564681724846,,2025-08-07 00:34:00.401824,2025-08-07,2025-04-11,1.8528215797487562,26.46887971069652,0.7593781793203157,1.0978112494073458,0.9156856393825517,561.1194149486462
ENB205D2,6,21.016666667,3.5027777778333333,1798.0236157618517,2018-05-07,6.253251197809719,1.0,7.0,0.7467488021902806,,2025-08-07 00:34:00.401824,2025-08-07,2025-05-07,1.9171693859258978,27.388134084655686,0.7593781793203157,1.0978112494073458,0.9156856393825517,561.1194149486462
ENB205DM8,6,158.55,26.425,1982.0236157618517,2019-03-05,5.426420260095825,1.0,7.0,1.5735797399041749,,2025-08-07 00:34:00.401824,2025-08-07,2026-03-05,2.6100237581308843,37.28605368758406,0.7593781793203157,1.0978112494073458,0.9156856393825517,561.1194149486462
ENB205DMAM00091,7,19.366666667,2.766666666714286,1798.0236157618517,2018-05-03,6.264202600958248,1.0,7.0,0.7357973990417523,2021-10-23,2025-08-07 00:34:00.401824,2025-08-07,2025-05-03,1.902333089619595,27.176186994565644,0.7593781793203157,1.0978112494073458,0.9156856393825517,561.1194149486462
ENB205DMAM00092,7,44.383333334,6.340476190571429,1798.0236157618517,2019-09-03,4.9281314168377826,1.0,7.0,2.0718685831622174,2021-10-25,2025-08-07 00:34:00.401824,2025-08-07,2026-09-03,3.044722629831032,43.49603756901474,0.7593781793203157,1.0978112494073458,0.9156856393825517,561.1194149486462
ENB205DMAM00093,7,22.883333334,3.269047619142857,1798.0236157618517,2019-09-03,4.9281314168377826,1.0,7.0,2.0718685831622174,2021-10-25,2025-08-07 00:34:00.401824,2025-08-07,2026-09-03,3.04988739180832,43.569819882976,0.7593781793203157,1.0978112494073458,0.9156856393825517,561.1194149486462
ENB205DMAM00094,7,3069.766666667,438.5380952381429,1796.0236157618517,2019-09-03,4.9281314168377826,1.0,7.0,2.0718685831622174,2021-10-23,2025-08-07 00:34:00.401824,2025-08-07,2026-09-03,2.317700531241238,33.110007589160546,0.7593781793203157,1.0978112494073458,0.9156856393825517,561.1194149486462
ENB205DMAM00095,7,2953.083333334,421.86904761914286,1796.0236157618517,2019-03-11,5.409993155373032,1.0,7.0,1.5900068446269682,2021-10-23,2025-08-07 00:34:00.401824,2025-08-07,2026-03-11,1.9315536573507766,27.593623676439666,0.7593781793203157,1.0978112494073458,0.9156856393825517,561.1194149486462
ENB205DMAM00096,7,2944.866666667,420.69523809528573,1796.0236157618517,2018-10-04,5.842573579739904,1.0,7.0,1.1574264202600961,,2025-08-07 00:34:00.401824,2025-08-07,2025-10-04,1.5617097419686967,22.310139170981383,0.7593781793203157,1.0978112494073458,0.9156856393825517,561.1194149486462
ENB205DMAM00097,7,3060.633333367,437.23333333814287,332.0236157618519,2018-10-04,5.842573579739904,1.0,7.0,1.1574264202600961,2021-10-23,2025-08-07 00:34:00.401824,2025-08-07,2025-10-04,1.3435694458952812,19.193849227075447,0.7593781793203157,1.0978112494073458,0.9156856393825517,561.1194149486462
ENB205DMP062901,6,2946.366666667,491.06111111116667,1706.0236157618517,2019-09-03,4.9281314168377826,1.0,7.0,2.0718685831622174,,2025-08-07 00:34:00.401824,2025-08-07,2026-09-03,2.1560277536387487,30.800396480553555,0.7593781793203157,1.0978112494073458,0.9156856393825517,561.1194149486462
ENB205DMP062902,6,2968.9166666670003,494.81944444450005,1706.0236157618517,2018-10-09,5.8288843258042435,1.0,7.0,1.1711156741957565,,2025-08-07 00:34:00.401824,2025-08-07,2025-10-09,1.3749532681583556,19.642189545119365,0.7593781793203157,1.0978112494073458,0.9156856393825517,561.1194149486462
ENB205DMP062903,6,2964.883333333,494.14722222216665,1706.0236157618517,2019-03-12,5.4072553045859,1.0,7.0,1.5927446954141002,,2025-08-07 00:34:00.401824,2025-08-07,2026-03-12,1.7385824585015297,24.83689226430757,0.7593781793203157,1.0978112494073458,0.9156856393825517,561.1194149486462
ENB205DMP062904,6,2948.916666667,491.4861111111666,1706.0236157618517,2019-03-12,5.4072553045859,1.0,7.0,1.5927446954141002,,2025-08-07 00:34:00.401824,2025-08-07,2026-03-12,1.7434301059351118,24.906144370501597,0.7593781793203157,1.0978112494073458,0.9156856393825517,561.1194149486462
ENB205DMP062905,6,15.783333334,2.6305555556666667,1800.0236157618517,2018-04-10,6.327173169062286,1.0,7.0,0.6728268309377139,,2025-08-07 00:34:00.401824,2025-08-07,2025-04-10,1.855479821612633,26.506854594466184,0.7593781793203157,1.0978112494073458,0.9156856393825517,561.1194149486462
ENB205DMP6,6,7.933333334,1.3222222223333333,1944.0236157618517,2018-04-10,6.327173169062286,1.0,7.0,0.6728268309377139,,2025-08-07 00:34:00.401824,2025-08-07,2025-04-10,1.8765842119854774,26.808345885506817,0.7593781793203157,1.0978112494073458,0.9156856393825517,561.1194149486462
ENB205DMP7,6,15.183333334,2.5305555556666666,1982.0236157618517,2019-03-05,5.426420260095825,1.0,7.0,1.5735797399041749,,2025-08-07 00:34:00.401824,2025-08-07,2026-03-05,2.6535513815392564,37.90787687913223,0.7593781793203157,1.0978112494073458,0.9156856393825517,561.1194149486462
ENB205DSP1,22,849.0,38.59090909090909,1791.0236157618517,2018-03-09,6.414784394250513,2.0,10.0,3.585215605749487,,2025-08-07 00:34:00.401824,2025-02-05,2028-03-09,3.9822251948174925,39.82225194817492,0.7593781793203157,1.0978112494073458,0.9156856393825517,561.1194149486462
ENB205EACnMO2021,15,422.51666663,28.16777777533333,1404.0236157618517,2018-05-08,6.250513347022587,2.0,5.0,0.0,,2025-08-07 00:34:00.401824,2025-02-05,2023-05-08,0.26342683802363354,5.268536760472671,0.7593781793203157,1.0978112494073458,0.9156856393825517,561.1194149486462
ENB205EoCU1,17,236.55,13.914705882352942,67.02361576185186,2023-04-11,1.325119780971937,1.0,10.0,8.674880219028063,,2025-08-07 00:34:00.401824,2025-08-07,2033-04-11,8.14847761609692,81.4847761609692,0.7593781793203157,1.0978112494073458,0.9156856393825517,561.1194149486462
ENB205EoCU2,16,115.583333333,7.2239583333125,270.0236157618519,2023-02-12,1.483915126625599,1.0,10.0,8.516084873374401,,2025-08-07 00:34:00.401824,2025-08-07,2033-02-12,8.046394907058444,80.46394907058443,0.7593781793203157,1.0978112494073458,0.9156856393825517,561.1194149486462
ENB205EoCU3,16,207.25,12.953125,270.0236157618519,2018-03-12,6.406570841889117,1.0,10.0,3.593429158110883,,2025-08-07 00:34:00.401824,2025-08-07,2028-03-12,3.8127938793683542,38.12793879368354,0.7593781793203157,1.0978112494073458,0.9156856393825517,561.1194149486462
ENB205EoCU4,16,307.183333333,19.1989583333125,67.02361576185186,2023-04-11,1.325119780971937,1.0,10.0,8.674880219028063,,2025-08-07 00:34:00.401824,2025-08-07,2033-04-11,8.151457543638305,81.51457543638305,0.7593781793203157,1.0978112494073458,0.9156856393825517,561.1194149486462
ENB205FACLGS04201,13,32.5,2.5,67.02361576185186,2023-11-11,0.7392197125256673,1.0,10.0,9.260780287474333,,2025-08-07 00:34:00.401824,2025-08-07,2033-11-11,8.682485820144372,86.82485820144372,0.7593781793203157,1.0978112494073458,0.9156856393825517,561.1194149486462
ENB205FGPETEKF1,3,5.666666667,1.8888888890000002,2099.023615761852,2018-03-03,6.431211498973306,1.0,10.0,3.5687885010266944,,2025-08-07 00:34:00.401824,2025-08-07,2028-03-03,4.12358322943946,41.235832294394605,0.7593781793203157,1.0978112494073458,0.9156856393825517,561.1194149486462
ENB205FGPETEKF2,2,8.233333333000001,4.1166666665000005,2099.023615761852,2018-11-08,5.746748802190281,1.0,10.0,4.253251197809719,,2025-08-07 00:34:00.401824,2025-08-07,2028-11-08,4.7134827355693325,47.134827355693325,0.7593781793203157,1.0978112494073458,0.9156856393825517,561.1194149486462
ENB205FMETETEKA1,17,42.683333334,2.510784313764706,2096.023615761852,2018-11-05,5.754962354551677,1.0,10.0,4.245037645448323,,2025-08-07 00:34:00.401824,2025-08-07,2028-11-05,4.60785846070123,46.0785846070123,0.7593781793203157,1.0978112494073458,0.9156856393825517,561.1194149486462
ENB205HCC154491,1,5.5,5.5,2349.023615761852,2018-03-03,6.431211498973306,2.0,20.0,13.568788501026695,,2025-08-07 00:34:00.401824,2025-02-05,2038-03-03,11.816228973591905,59.08114486795952,0.7593781793203157,1.0978112494073458,0.9156856393825517,561.1194149486462
ENB205KA1,3,4.75,1.5833333333333333,2164.023615761852,2018-09-04,5.924709103353867,2.0,5.0,0.0,,2025-08-07 00:34:00.401824,2025-02-05,2023-09-04,0.7403361097812091,14.806722195624184,0.7593781793203157,1.0978112494073458,0.9156856393825517,561.1194149486462
ENB205M1,72,279.399999999,3.8805555555416666,271.0236157618519,2018-04-04,6.3436002737850785,1.0,7.0,0.6563997262149215,,2025-08-07 00:34:00.401824,2025-08-07,2025-04-04,1.2041696219797533,17.202423171139333,0.7593781793203157,1.0978112494073458,0.9156856393825517,561.1194149486462
ENB205M41,4,105.266666667,26.31666666675,1373.0236157618517,2018-06-05,6.1738535249828885,2.0,5.0,0.0,,2025-08-07 00:34:00.401824,2025-02-05,2023-06-05,0.36443553336373036,7.288710667274607,0.7593781793203157,1.0978112494073458,0.9156856393825517,561.1194149486462
ENB205M42,4,93.25,23.3125,544.0236157618518,2018-04-06,6.338124572210814,2.0,5.0,0.0,,2025-08-07 00:34:00.401824,2025-02-05,2023-04-06,0.1217773131120592,2.435546262241184,0.7593781793203157,1.0978112494073458,0.9156856393825517,561.1194149486462
ENB205M43,4,9.0,2.25,544.0236157618518,2023-02-10,1.4893908281998631,2.0,5.0,3.510609171800137,,2025-08-07 00:34:00.401824,2025-02-05,2028-02-10,4.333701550265616,86.67403100531232,0.7593781793203157,1.0978112494073458,0.9156856393825517,561.1194149486462
ENB205MADL1,10,378.966666599,37.8966666599,1799.0236157618517,2019-09-04,4.9253935660506505,1.0,7.0,2.0746064339493495,,2025-08-07 00:34:00.401824,2025-08-07,2026-09-04,2.9886166398230394,42.69452342604342,0.7593781793203157,1.0978112494073458,0.9156856393825517,561.1194149486462
ENB205MC1,13,64.833333334,4.98717948723077,1587.0236157618517,2018-05-03,6.264202600958248,1.0,10.0,3.7357973990417523,,2025-08-07 00:34:00.401824,2025-08-07,2028-05-03,4.129092881469861,41.29092881469861,0.7593781793203157,1.0978112494073458,0.9156856393825517,561.1194149486462
ENB205MC2,13,154.64999996699999,11.896153843615384,1526.0236157618517,2018-05-03,6.264202600958248,1.0,10.0,3.7357973990417523,,2025-08-07 00:34:00.401824,2025-08-07,2028-05-03,4.115352851162068,41.15352851162067,0.7593781793203157,1.0978112494073458,0.9156856393825517,561.1194149486462
ENB205MC201311,3,726.5,242.16666666666666,2137.023615761852,2018-08-08,5.9986310746064335,2.0,5.0,0.0,,2025-08-07 00:34:00.401824,2025-02-05,2023-08-08,0.13389950000302342,2.6779900000604684,0.7593781793203157,1.0978112494073458,0.9156856393825517,561.1194149486462
ENB205MC201312,2,7.25,3.625,2191.023615761852,2018-08-08,5.9986310746064335,2.0,5.0,0.0,,2025-08-07 00:34:00.401824,2025-02-05,2023-08-08,0.682374287138825,13.6474857427765,0.7593781793203157,1.0978112494073458,0.9156856393825517,561.1194149486462
ENB205MCPPK1,57,3330.766666676,58.434502924140354,1373.0236157618517,2018-07-09,6.080766598220397,1.0,10.0,3.9192334017796027,,2025-08-07 00:34:00.401824,2025-08-07,2028-07-09,4.25956582028386,42.5956582028386,0.7593781793203157,1.0978112494073458,0.9156856393825517,561.1194149486462
ENB205MPwT2,1,7.5,7.5,666.0236157618518,2022-10-11,1.8234086242299794,2.0,5.0,3.1765913757700206,,2025-08-07 00:34:00.401824,2025-02-05,2027-10-11,4.069730564867742,81.39461129735483,0.7593781793203157,1.0978112494073458,0.9156856393825517,561.1194149486462
ENB205NICL1,11,1520.966666664,138.26969696945454,1772.0236157618517,2018-03-01,6.436687200547571,2.0,5.0,0.0,,2025-08-07 00:34:00.401824,2025-02-05,2023-03-01,0.0406318781580679,0.812637563161358,0.7593781793203157,1.0978112494073458,0.9156856393825517,561.1194149486462
ENB205NICL2,11,1535.43333333,139.58484848454546,1863.0236157618517,2018-03-03,6.431211498973306,2.0,5.0,0.0,,2025-08-07 00:34:00.401824,2025-02-05,2023-03-03,0.05569467721636423,1.1138935443272846,0.7593781793203157,1.0978112494073458,0.9156856393825517,561.1194149486462
ENB205NICL3,11,1500.483333334,136.40757575763635,1800.0236157618517,2018-03-03,6.431211498973306,2.0,5.0,0.0,,2025-08-07 00:34:00.401824,2025-02-05,2023-03-03,0.0510662603575156,1.021325207150312,0.7593781793203157,1.0978112494073458,0.9156856393825517,561.1194149486462
ENB205NICL4,11,1503.383333334,136.67121212127273,1800.0236157618517,2018-05-07,6.253251197809719,2.0,5.0,0.0,,2025-08-07 00:34:00.401824,2025-02-05,2023-05-07,0.2037336898875317,4.074673797750634,0.7593781793203157,1.0978112494073458,0.9156856393825517,561.1194149486462
ENB205NICL5,10,1523.566666664,152.3566666664,1860.0236157618517,2018-05-07,6.253251197809719,2.0,5.0,0.0,,2025-08-07 00:34:00.401824,2025-02-05,2023-05-07,0.17975386290591944,3.5950772581183883,0.7593781793203157,1.0978112494073458,0.9156856393825517,561.1194149486462
ENB205NICL6,9,45.649999997,5.0722222218888895,1860.0236157618517,2018-05-08,6.250513347022587,2.0,5.0,0.0,,2025-08-07 00:34:00.401824,2025-02-05,2023-05-08,0.37430527756315746,7.486105551263149,0.7593781793203157,1.0978112494073458,0.9156856393825517,561.1194149486462
ENB205NICL7,9,45.883333330999996,5.098148147888889,2282.023615761852,2018-05-09,6.247775496235455,2.0,5.0,0.0,,2025-08-07 00:34:00.401824,2025-02-05,2023-05-09,0.43148529509104083,8.629705901820817,0.7593781793203157,1.0978112494073458,0.9156856393825517,561.1194149486462
ENB205NICL8,4,12.366666667,3.09166666675,2281.023615761852,2018-05-06,6.2559890485968515,2.0,5.0,0.0,,2025-08-07 00:34:00.401824,2025-02-05,2023-05-06,0.46070018502545107,9.214003700509021,0.7593781793203157,1.0978112494073458,0.9156856393825517,561.1194149486462
ENB205NM1,5,18.0,3.6,2314.023615761852,2018-04-02,6.349075975359343,1.0,5.0,0.0,,2025-08-07 00:34:00.401824,2025-08-07,2023-04-02,0.3772631791413241,7.5452635828264825,0.7593781793203157,1.0978112494073458,0.9156856393825517,561.1194149486462
ENB205NM2,5,1484.25,296.85,2166.023615761852,2018-04-04,6.3436002737850785,1.0,5.0,0.0,,2025-08-07 00:34:00.401824,2025-08-07,2023-04-04,-0.2125619881738885,-4.25123976347777,0.7593781793203157,1.0978112494073458,0.9156856393825517,561.1194149486462
ENB205NM3,5,16.25,3.25,2166.023615761852,2018-04-04,6.3436002737850785,1.0,5.0,0.0,,2025-08-07 00:34:00.401824,2025-08-07,2023-04-04,0.3634152769847727,7.268305539695455,0.7593781793203157,1.0978112494073458,0.9156856393825517,561.1194149486462
ENB205NM4,4,13.5,3.375,2166.023615761852,2018-02-05,6.50239561943874,1.0,5.0,0.0,,2025-08-07 00:34:00.401824,2025-08-07,2023-02-05,0.23335890062800946,4.667178012560189,0.7593781793203157,1.0978112494073458,0.9156856393825517,561.1194149486462
ENB205NM5,4,17.0,4.25,2314.023615761852,2018-02-05,6.50239561943874,1.0,5.0,0.0,,2025-08-07 00:34:00.401824,2025-08-07,2023-02-05,0.2507608258526708,5.015216517053416,0.7593781793203157,1.0978112494073458,0.9156856393825517,561.1194149486462
ENB205OA1,12,90.416666667,7.53472222225,1374.0236157618517,2018-03-08,6.417522245037645,2.0,10.0,3.5824777549623548,,2025-08-07 00:34:00.401824,2025-02-05,2028-03-08,3.9735717353647697,39.7357173536477,0.7593781793203157,1.0978112494073458,0.9156856393825517,561.1194149486462
ENB205PC13,1,0.05,0.05,1800.0236157618517,2019-09-03,4.9281314168377826,1.0,20.0,15.071868583162217,,2025-08-07 00:34:00.401824,2025-08-07,2039-09-03,13.050550072844716,65.25275036422357,0.7593781793203157,1.0978112494073458,0.9156856393825517,561.1194149486462
ENB205PC14,1,0.983333333,0.983333333,1738.0236157618517,2019-11-04,4.758384668035592,1.0,20.0,15.241615331964407,,2025-08-07 00:34:00.401824,2025-08-07,2039-11-04,13.186038706448574,65.93019353224288,0.7593781793203157,1.0978112494073458,0.9156856393825517,561.1194149486462
ENB205PC15,1,1.583333333,1.583333333,1737.0236157618517,2019-11-05,4.75564681724846,1.0,20.0,15.24435318275154,,2025-08-07 00:34:00.401824,2025-08-07,2039-11-05,13.186748640702056,65.93374320351029,0.7593781793203157,1.0978112494073458,0.9156856393825517,561.1194149486462
ENB205PC16,1,1.416666667,1.416666667,1736.0236157618517,2019-11-06,4.7529089664613275,1.0,20.0,15.247091033538673,,2025-08-07 00:34:00.401824,2025-08-07,2039-11-06,13.189392281137131,65.94696140568566,0.7593781793203157,1.0978112494073458,0.9156856393825517,561.1194149486462
ENB205PC4,1,4.0,4.0,2253.023615761852,2018-06-07,6.168377823408624,1.0,20.0,13.831622176591376,,2025-08-07 00:34:00.401824,2025-08-07,2038-06-07,12.03344618640218,60.16723093201091,0.7593781793203157,1.0978112494073458,0.9156856393825517,561.1194149486462
ENB205PC5,1,2.916666667,2.916666667,2099.023615761852,2018-11-08,5.746748802190281,1.0,20.0,14.25325119780972,,2025-08-07 00:34:00.401824,2025-08-07,2038-11-08,12.378562104524399,61.892810522621986,0.7593781793203157,1.0978112494073458,0.9156856393825517,561.1194149486462
ENB205PC6,1,2.916666667,2.916666667,2099.023615761852,2018-11-08,5.746748802190281,1.0,20.0,14.25325119780972,,2025-08-07 00:34:00.401824,2025-08-07,2038-11-08,12.378562104524399,61.892810522621986,0.7593781793203157,1.0978112494073458,0.9156856393825517,561.1194149486462
ENB205PDPSDE301,2,4.25,2.125,331.0236157618519,2022-06-12,2.1546885694729636,1.0,10.0,7.845311430527037,,2025-08-07 00:34:00.401824,2025-08-07,2032-06-12,7.575873411570621,75.7587341157062,0.7593781793203157,1.0978112494073458,0.9156856393825517,561.1194149486462
ENB205PDPSDE3010,1,4.5,4.5,331.0236157618519,2023-09-11,0.9062286105407256,1.0,10.0,9.093771389459274,,2025-08-07 00:34:00.401824,2025-08-07,2033-09-11,8.64983139034647,86.4983139034647,0.7593781793203157,1.0978112494073458,0.9156856393825517,561.1194149486462
ENB205PDPSDE302,2,4.75,2.375,331.0236157618519,2022-06-12,2.1546885694729636,1.0,10.0,7.845311430527037,,2025-08-07 00:34:00.401824,2025-08-07,2032-06-12,7.575277883333394,75.75277883333393,0.7593781793203157,1.0978112494073458,0.9156856393825517,561.1194149486462
ENB205PDPSDE303,2,6.5,3.25,331.0236157618519,2022-06-12,2.1546885694729636,1.0,10.0,7.845311430527037,,2025-08-07 00:34:00.401824,2025-08-07,2032-06-12,7.5731935345030985,75.73193534503099,0.7593781793203157,1.0978112494073458,0.9156856393825517,561.1194149486462
ENB205PDPSDE305,1,3.0,3.0,331.0236157618519,2023-09-11,0.9062286105407256,1.0,10.0,9.093771389459274,,2025-08-07 00:34:00.401824,2025-08-07,2033-09-11,8.653614728531144,86.53614728531144,0.7593781793203157,1.0978112494073458,0.9156856393825517,561.1194149486462
ENB205PDPSDE306,1,5.75,5.75,331.0236157618519,2023-09-11,0.9062286105407256,1.0,10.0,9.093771389459274,,2025-08-07 00:34:00.401824,2025-08-07,2033-09-11,8.646678608525908,86.46678608525909,0.7593781793203157,1.0978112494073458,0.9156856393825517,561.1194149486462
ENB205PDPSDE307,1,1.5,1.5,331.0236157618519,2023-09-11,0.9062286105407256,1.0,10.0,9.093771389459274,,2025-08-07 00:34:00.401824,2025-08-07,2033-09-11,8.657398066715817,86.57398066715818,0.7593781793203157,1.0978112494073458,0.9156856393825517,561.1194149486462
ENB205PDPSDE308,1,4.5,4.5,331.0236157618519,2023-09-11,0.9062286105407256,1.0,10.0,9.093771389459274,,2025-08-07 00:34:00.401824,2025-08-07,2033-09-11,8.64983139034647,86.4983139034647,0.7593781793203157,1.0978112494073458,0.9156856393825517,561.1194149486462
ENB205PDPSDE309,1,3.75,3.75,331.0236157618519,2023-09-11,0.9062286105407256,1.0,10.0,9.093771389459274,,2025-08-07 00:34:00.401824,2025-08-07,2033-09-11,8.651723059438806,86.51723059438807,0.7593781793203157,1.0978112494073458,0.9156856393825517,561.1194149486462
ENB205PEX4HL94,245,5517.499999996,22.52040816324898,-24.97638423814815,2018-03-01,6.436687200547571,2.0,7.0,0.5633127994524294,,2025-08-07 00:34:00.401824,2025-02-05,2025-03-01,0.5327158541232357,7.610226487474796,0.7593781793203157,1.0978112494073458,0.9156856393825517,561.1194149486462
ENB205PIBJBK32,245,8148.599999653,33.25959183531837,98.02361576185184,2018-03-01,6.436687200547571,2.0,7.0,0.5633127994524294,,2025-08-07 00:34:00.401824,2025-02-05,2025-03-01,0.8887654314836366,12.696649021194808,0.7593781793203157,1.0978112494073458,0.9156856393825517,561.1194149486462
ENB205PMETETEKD1,32,83.43333332899999,2.6072916665312498,1862.0236157618517,2018-03-01,6.436687200547571,1.0,10.0,3.5633127994524294,,2025-08-07 00:34:00.401824,2025-08-07,2028-03-01,3.889646782479859,38.89646782479859,0.7593781793203157,1.0978112494073458,0.9156856393825517,561.1194149486462
ENB205PMP1,26,1475.083333331,56.733974358884616,331.0236157618519,2018-04-03,6.346338124572211,1.0,5.0,0.0,,2025-08-07 00:34:00.401824,2025-08-07,2023-04-03,0.03431964570447432,0.6863929140894864,0.7593781793203157,1.0978112494073458,0.9156856393825517,561.1194149486462
ENB205PMP2,26,3107.2666666650002,119.51025641019231,331.0236157618519,2018-03-07,6.420260095824777,1.0,5.0,0.0,,2025-08-07 00:34:00.401824,2025-08-07,2023-03-07,0.032338792610692835,0.6467758522138567,0.7593781793203157,1.0978112494073458,0.9156856393825517,561.1194149486462
ENB205PMP3,26,2820.7333333320003,108.48974358969232,331.0236157618519,2018-03-05,6.425735797399041,1.0,5.0,0.0,,2025-08-07 00:34:00.401824,2025-08-07,2023-03-05,0.016825664837305965,0.3365132967461193,0.7593781793203157,1.0978112494073458,0.9156856393825517,561.1194149486462
ENB205PMP4,26,2057.7666666659998,79.14487179484614,331.0236157618519,2018-03-12,6.406570841889117,1.0,5.0,0.0,,2025-08-07 00:34:00.401824,2025-08-07,2023-03-12,0.004523395867782831,0.09046791735565662,0.7593781793203157,1.0978112494073458,0.9156856393825517,561.1194149486462
ENB205PMP5,26,1749.499999999,67.28846153842308,331.0236157618519,2018-04-04,6.3436002737850785,1.0,5.0,0.0,,2025-08-07 00:34:00.401824,2025-08-07,2023-04-04,0.047022517879025116,0.9404503575805023,0.7593781793203157,1.0978112494073458,0.9156856393825517,561.1194149486462
ENB205PMP6,25,1499.483333331,59.97933333324,331.0236157618519,2018-04-11,6.324435318275154,1.0,5.0,0.0,,2025-08-07 00:34:00.401824,2025-08-07,2023-04-11,0.05507614293197127,1.1015228586394255,0.7593781793203157,1.0978112494073458,0.9156856393825517,561.1194149486462
ENB205PS1,11,48.233333333,4.384848484818182,2096.023615761852,2018-11-02,5.763175906913073,1.0,10.0,4.236824093086927,,2025-08-07 00:34:00.401824,2025-08-07,2028-11-02,4.639497542534039,46.394975425340384,0.7593781793203157,1.0978112494073458,0.9156856393825517,561.1194149486462
ENB205PS2,11,27.433333333,2.493939393909091,2096.023615761852,2018-11-02,5.763175906913073,1.0,10.0,4.236824093086927,,2025-08-07 00:34:00.401824,2025-08-07,2028-11-02,4.64161744143639,46.416174414363894,0.7593781793203157,1.0978112494073458,0.9156856393825517,561.1194149486462
ENB205PS3,11,77.55,7.05,2101.023615761852,2018-03-08,6.417522245037645,1.0,10.0,3.5824777549623548,,2025-08-07 00:34:00.401824,2025-08-07,2028-03-08,4.074726520030165,40.74726520030165,0.7593781793203157,1.0978112494073458,0.9156856393825517,561.1194149486462
ENB205PS4,10,52.633333332999996,5.263333333299999,2096.023615761852,2018-03-07,6.420260095824777,1.0,10.0,3.5797399041752227,,2025-08-07 00:34:00.401824,2025-08-07,2028-03-07,4.080140560687087,40.80140560687087,0.7593781793203157,1.0978112494073458,0.9156856393825517,561.1194149486462
ENB205PSDL140371,11,33.783333333,3.0712121211818184,67.02361576185186,2018-05-02,6.26694045174538,1.0,5.0,0.0,,2025-08-07 00:34:00.401824,2025-08-07,2023-05-02,0.11644370372799884,2.3288740745599767,0.7593781793203157,1.0978112494073458,0.9156856393825517,561.1194149486462
ENB205PSXBS051,10,48.466666666,4.8466666666,2289.023615761852,2018-05-02,6.26694045174538,1.0,5.0,0.0,,2025-08-07 00:34:00.401824,2025-08-07,2023-05-02,0.40980211440215086,8.196042288043017,0.7593781793203157,1.0978112494073458,0.9156856393825517,561.1194149486462
ENB205PSXBS0510,10,20.716666666000002,2.0716666666,332.0236157618519,2018-05-06,6.2559890485968515,1.0,5.0,0.0,,2025-08-07 00:34:00.401824,2025-08-07,2023-05-06,0.16829084404302908,3.3658168808605815,0.7593781793203157,1.0978112494073458,0.9156856393825517,561.1194149486462
ENB205PSXBS0511,10,34.216666666,3.4216666666,332.0236157618519,2018-09-02,5.930184804928132,1.0,5.0,0.0,,2025-08-07 00:34:00.401824,2025-08-07,2023-09-02,0.44662814649838634,8.932562929967727,0.7593781793203157,1.0978112494073458,0.9156856393825517,561.1194149486462
ENB205PSXBS0512,10,62.383333332999996,6.2383333333,332.0236157618519,2018-09-02,5.930184804928132,1.0,5.0,0.0,,2025-08-07 00:34:00.401824,2025-08-07,2023-09-02,0.44307573019547997,8.8615146039096,0.7593781793203157,1.0978112494073458,0.9156856393825517,561.1194149486462
ENB205PSXBS0513,10,88.39999999899999,8.839999999899998,331.0236157618519,2018-09-03,5.927446954141,1.0,5.0,0.0,,2025-08-07 00:34:00.401824,2025-08-07,2023-09-03,0.44201774419109796,8.84035488382196,0.7593781793203157,1.0978112494073458,0.9156856393825517,561.1194149486462
ENB205PSXBS0514,10,18.733333333,1.8733333333000002,331.0236157618519,2018-05-07,6.253251197809719,1.0,5.0,0.0,,2025-08-07 00:34:00.401824,2025-08-07,2023-05-07,0.17076425412657414,3.415285082531483,0.7593781793203157,1.0978112494073458,0.9156856393825517,561.1194149486462
ENB205PSXBS0515,10,18.95,1.895,331.0236157618519,2018-05-07,6.253251197809719,1.0,5.0,0.0,,2025-08-07 00:34:00.401824,2025-08-07,2023-05-07,0.17073692784727923,3.4147385569455846,0.7593781793203157,1.0978112494073458,0.9156856393825517,561.1194149486462
ENB205PSXBS0516,10,18.25,1.825,331.0236157618519,2018-05-07,6.253251197809719,1.0,5.0,0.0,,2025-08-07 00:34:00.401824,2025-08-07,2023-05-07,0.17082521274948093,3.4165042549896185,0.7593781793203157,1.0978112494073458,0.9156856393825517,561.1194149486462
ENB205PSXBS0517,10,20.85,2.085,331.0236157618519,2018-04-04,6.3436002737850785,1.0,5.0,0.0,,2025-08-07 00:34:00.401824,2025-08-07,2023-04-04,0.09283916281682192,1.8567832563364381,0.7593781793203157,1.0978112494073458,0.9156856393825517,561.1194149486462
ENB205PSXBS0518,10,12.033333333,1.2033333333,331.0236157618519,2018-04-04,6.3436002737850785,1.0,5.0,0.0,,2025-08-07 00:34:00.401824,2025-08-07,2023-04-04,0.0939511321803046,1.879022643606092,0.7593781793203157,1.0978112494073458,0.9156856393825517,561.1194149486462
ENB205PSXBS0519,10,20.75,2.075,331.0236157618519,2018-04-04,6.3436002737850785,1.0,5.0,0.0,,2025-08-07 00:34:00.401824,2025-08-07,2023-04-04,0.09285177494570718,1.8570354989141435,0.7593781793203157,1.0978112494073458,0.9156856393825517,561.1194149486462
ENB205PSXBS052,10,51.833333333,5.1833333333,2289.023615761852,2018-04-05,6.3408624229979464,1.0,5.0,0.0,,2025-08-07 00:34:00.401824,2025-08-07,2023-04-05,0.34583903231434654,6.916780646286931,0.7593781793203157,1.0978112494073458,0.9156856393825517,561.1194149486462
ENB205PSXBS0520,10,18.833333334,1.8833333334,331.0236157618519,2018-04-04,6.3436002737850785,1.0,5.0,0.0,,2025-08-07 00:34:00.401824,2025-08-07,2023-04-04,0.09309350741593692,1.8618701483187383,0.7593781793203157,1.0978112494073458,0.9156856393825517,561.1194149486462
ENB205PSXBS0521,10,764.066666667,76.4066666667,271.0236157618519,2018-09-07,5.916495550992471,1.0,5.0,0.0,,2025-08-07 00:34:00.401824,2025-08-07,2023-09-07,0.3584144638846003,7.168289277692005,0.7593781793203157,1.0978112494073458,0.9156856393825517,561.1194149486462
ENB205PSXBS0522,10,53.7,5.37,271.0236157618519,2018-09-07,5.916495550992471,1.0,5.0,0.0,,2025-08-07 00:34:00.401824,2025-08-07,2023-09-07,0.4480068234471686,8.960136468943372,0.7593781793203157,1.0978112494073458,0.9156856393825517,561.1194149486462
ENB205PSXBS0523,10,45.216666667,4.5216666667,271.0236157618519,2019-12-06,4.670773442847365,1.0,5.0,0.3292265571526354,,2025-08-07 00:34:00.401824,2025-08-07,2024-12-06,1.5198176988851886,30.39635397770377,0.7593781793203157,1.0978112494073458,0.9156856393825517,561.1194149486462
ENB205PSXBS0524,10,41.583333333,4.1583333333,271.0236157618519,2019-09-11,4.906228610540725,1.0,5.0,0.09377138945927488,,2025-08-07 00:34:00.401824,2025-08-07,2024-09-11,1.3178941342947978,26.357882685895955,0.7593781793203157,1.0978112494073458,0.9156856393825517,561.1194149486462
ENB205PSXBS0525,10,83.5,8.35,271.0236157618519,2019-12-06,4.670773442847365,1.0,5.0,0.3292265571526354,,2025-08-07 00:34:00.401824,2025-08-07,2024-12-06,1.5149893555434089,30.299787110868177,0.7593781793203157,1.0978112494073458,0.9156856393825517,561.1194149486462
ENB205PSXBS0526,10,14.55,1.455,271.0236157618519,2019-12-06,4.670773442847365,1.0,5.0,0.3292265571526354,,2025-08-07 00:34:00.401824,2025-08-07,2024-12-06,1.523685418410242,30.47370836820484,0.7593781793203157,1.0978112494073458,0.9156856393825517,561.1194149486462
ENB205PSXBS0527,10,17.933333333,1.7933333333,271.0236157618519,2019-09-07,4.917180013689254,1.0,5.0,0.08281998631074572,,2025-08-07 00:34:00.401824,2025-08-07,2024-09-07,1.3114637955542996,26.229275911085992,0.7593781793203157,1.0978112494073458,0.9156856393825517,561.1194149486462
ENB205PSXBS0528,10,35.583333333,3.5583333333,271.0236157618519,2019-10-07,4.8350444900752905,1.0,5.0,0.16495550992470953,,2025-08-07 00:34:00.401824,2025-08-07,2024-10-07,1.3798360589710525,27.596721179421053,0.7593781793203157,1.0978112494073458,0.9156856393825517,561.1194149486462
ENB205PSXBS0529,10,43.866666667000004,4.3866666667,241.02361576185186,2019-07-08,5.084188911704312,1.0,5.0,0.0,,2025-08-07 00:34:00.401824,2025-08-07,2024-07-08,1.160742946649457,23.21485893298914,0.7593781793203157,1.0978112494073458,0.9156856393825517,561.1194149486462
ENB205PSXBS053,10,18.083333333,1.8083333332999998,2283.023615761852,2018-04-05,6.3408624229979464,1.0,5.0,0.0,,2025-08-07 00:34:00.401824,2025-08-07,2023-04-05,0.34931558214441694,6.986311642888339,0.7593781793203157,1.0978112494073458,0.9156856393825517,561.1194149486462
ENB205PSXBS0530,10,23.166666667,2.3166666667,1344.0236157618517,2020-12-02,3.679671457905544,1.0,5.0,1.320328542094456,,2025-08-07 00:34:00.401824,2025-08-07,2025-12-02,2.513982686355937,50.279653727118735,0.7593781793203157,1.0978112494073458,0.9156856393825517,561.1194149486462
ENB205PSXBS054,10,22.133333333,2.2133333333,2130.023615761852,2018-04-05,6.3408624229979464,1.0,5.0,0.0,,2025-08-07 00:34:00.401824,2025-08-07,2023-04-05,0.32891367736700783,6.578273547340157,0.7593781793203157,1.0978112494073458,0.9156856393825517,561.1194149486462
ENB205PSXBS055,10,139.666666633,13.9666666633,1917.0236157618517,2018-04-05,6.3408624229979464,1.0,5.0,0.0,,2025-08-07 00:34:00.401824,2025-08-07,2023-04-05,0.28639867164055044,5.727973432811009,0.7593781793203157,1.0978112494073458,0.9156856393825517,561.1194149486462
ENB205PSXBS056,10,20.283333333999998,2.0283333334,1764.0236157618517,2018-05-02,6.26694045174538,1.0,5.0,0.0,,2025-08-07 00:34:00.401824,2025-08-07,2023-05-02,0.3451028116955852,6.902056233911705,0.7593781793203157,1.0978112494073458,0.9156856393825517,561.1194149486462
ENB205PSXBS057,10,21.55,2.1550000000000002,1764.0236157618517,2018-05-02,6.26694045174538,1.0,5.0,0.0,,2025-08-07 00:34:00.401824,2025-08-07,2023-05-02,0.34494305806311454,6.89886116126229,0.7593781793203157,1.0978112494073458,0.9156856393825517,561.1194149486462
ENB205PSXBS058,10,76.0,7.6,485.02361576185183,2018-05-02,6.26694045174538,1.0,5.0,0.0,,2025-08-07 00:34:00.401824,2025-08-07,2023-05-02,0.17179644512603431,3.4359289025206867,0.7593781793203157,1.0978112494073458,0.9156856393825517,561.1194149486462
ENB205PSXBS059,10,62.45,6.245,485.02361576185183,2018-05-02,6.26694045174538,1.0,5.0,0.0,,2025-08-07 00:34:00.401824,2025-08-07,2023-05-02,0.17350538859007525,3.4701077718015045,0.7593781793203157,1.0978112494073458,0.9156856393825517,561.1194149486462
ENB205PaMRJER1,245,5299.966666671,21.632517006820407,280.0236157618519,2018-01-10,6.573579739904175,2.0,7.0,0.4264202600958251,,2025-08-07 00:34:00.401824,2025-02-05,2025-01-10,0.4265889592129479,6.094127988756399,0.7593781793203157,1.0978112494073458,0.9156856393825517,561.1194149486462
ENB205PaMRJL83,245,9109.366667011,37.18108843677959,188.02361576185186,2018-03-01,6.436687200547571,2.0,7.0,0.5633127994524294,,2025-08-07 00:34:00.401824,2025-02-05,2025-03-01,1.0246411641639321,14.637730916627604,0.7593781793203157,1.0978112494073458,0.9156856393825517,561.1194149486462
ENB205RA1,32,158.48333333,4.9526041665625,2071.023615761852,2018-09-03,5.927446954141,2.0,5.0,0.0,,2025-08-07 00:34:00.401824,2025-02-05,2023-09-03,0.5310603611753435,10.62120722350687,0.7593781793203157,1.0978112494073458,0.9156856393825517,561.1194149486462
ENB205RA2,32,163.900000004,5.121875000125,2071.023615761852,2018-09-03,5.927446954141,2.0,5.0,0.0,,2025-08-07 00:34:00.401824,2025-02-05,2023-09-03,0.5313686477591553,10.627372955183105,0.7593781793203157,1.0978112494073458,0.9156856393825517,561.1194149486462
ENB205RC1,48,963.483333303,20.0725694438125,1647.0236157618517,2018-01-03,6.5927446954141,1.0,10.0,3.4072553045858998,,2025-08-07 00:34:00.401824,2025-08-07,2028-01-03,3.6899374998826673,36.89937499882667,0.7593781793203157,1.0978112494073458,0.9156856393825517,561.1194149486462
ENB205RC2,48,3872.000000259,80.6666666720625,1769.0236157618517,2018-05-10,6.245037645448323,1.0,10.0,3.754962354551677,,2025-08-07 00:34:00.401824,2025-08-07,2028-05-10,4.250862140100502,42.508621401005016,0.7593781793203157,1.0978112494073458,0.9156856393825517,561.1194149486462
ENB205RP4Model1,6,34.5,5.75,455.02361576185183,2018-10-03,5.845311430527036,1.0,7.0,1.154688569472964,,2025-08-07 00:34:00.401824,2025-08-07,2025-10-03,2.0891141739931105,29.84448819990158,0.7593781793203157,1.0978112494073458,0.9156856393825517,561.1194149486462
ENB205RP4Model10,5,58.83333333,11.766666666,336.0236157618519,2023-05-10,1.2457221081451062,1.0,7.0,5.754277891854894,,2025-08-07 00:34:00.401824,2025-08-07,2030-05-10,6.021691125411038,86.02415893444339,0.7593781793203157,1.0978112494073458,0.9156856393825517,561.1194149486462
ENB205RP4Model11,5,17.3,3.46,336.0236157618519,2020-11-03,3.759069130732375,1.0,7.0,3.240930869267625,,2025-08-07 00:34:00.401824,2025-08-07,2027-11-03,3.877678832498266,55.39541189283237,0.7593781793203157,1.0978112494073458,0.9156856393825517,561.1194149486462
ENB205RP4Model12,5,17.3,3.46,336.0236157618519,2020-11-03,3.759069130732375,1.0,7.0,3.240930869267625,,2025-08-07 00:34:00.401824,2025-08-07,2027-11-03,3.877678832498266,55.39541189283237,0.7593781793203157,1.0978112494073458,0.9156856393825517,561.1194149486462
ENB205RP4Model13,5,15.5,3.1,336.0236157618519,2023-05-10,1.2457221081451062,1.0,7.0,5.754277891854894,,2025-08-07 00:34:00.401824,2025-08-07,2030-05-10,6.03869317910424,86.26704541577486,0.7593781793203157,1.0978112494073458,0.9156856393825517,561.1194149486462
ENB205RP4Model14,5,20.0,4.0,455.02361576185183,2023-05-10,1.2457221081451062,1.0,7.0,5.754277891854894,,2025-08-07 00:34:00.401824,2025-08-07,2030-05-10,6.052398447320881,86.46283496172687,0.7593781793203157,1.0978112494073458,0.9156856393825517,561.1194149486462
ENB205RP4Model15,5,18.75,3.75,455.02361576185183,2023-05-10,1.2457221081451062,1.0,7.0,5.754277891854894,,2025-08-07 00:34:00.401824,2025-08-07,2030-05-10,6.052888891177454,86.46984130253506,0.7593781793203157,1.0978112494073458,0.9156856393825517,561.1194149486462
ENB205RP4Model16,5,18.75,3.75,455.02361576185183,2023-05-10,1.2457221081451062,1.0,7.0,5.754277891854894,,2025-08-07 00:34:00.401824,2025-08-07,2030-05-10,6.052888891177454,86.46984130253506,0.7593781793203157,1.0978112494073458,0.9156856393825517,561.1194149486462
ENB205RP4Model17,5,18.75,3.75,455.02361576185183,2023-05-10,1.2457221081451062,1.0,7.0,5.754277891854894,,2025-08-07 00:34:00.401824,2025-08-07,2030-05-10,6.052888891177454,86.46984130253506,0.7593781793203157,1.0978112494073458,0.9156856393825517,561.1194149486462
ENB205RP4Model18,5,18.75,3.75,455.02361576185183,2023-05-10,1.2457221081451062,1.0,7.0,5.754277891854894,,2025-08-07 00:34:00.401824,2025-08-07,2030-05-10,6.052888891177454,86.46984130253506,0.7593781793203157,1.0978112494073458,0.9156856393825517,561.1194149486462
ENB205RP4Model19,5,18.75,3.75,455.02361576185183,2023-05-10,1.2457221081451062,1.0,7.0,5.754277891854894,,2025-08-07 00:34:00.401824,2025-08-07,2030-05-10,6.052888891177454,86.46984130253506,0.7593781793203157,1.0978112494073458,0.9156856393825517,561.1194149486462
ENB205RP4Model2,6,16.75,2.7916666666666665,455.02361576185183,2023-05-10,1.2457221081451062,1.0,7.0,5.754277891854894,,2025-08-07 00:34:00.401824,2025-08-07,2030-05-10,6.04800829337417,86.40011847677386,0.7593781793203157,1.0978112494073458,0.9156856393825517,561.1194149486462
ENB205RP4Model20,5,18.75,3.75,455.02361576185183,2023-05-10,1.2457221081451062,1.0,7.0,5.754277891854894,,2025-08-07 00:34:00.401824,2025-08-07,2030-05-10,6.052888891177454,86.46984130253506,0.7593781793203157,1.0978112494073458,0.9156856393825517,561.1194149486462
ENB205RP4Model21,5,18.75,3.75,455.02361576185183,2023-05-10,1.2457221081451062,1.0,7.0,5.754277891854894,,2025-08-07 00:34:00.401824,2025-08-07,2030-05-10,6.052888891177454,86.46984130253506,0.7593781793203157,1.0978112494073458,0.9156856393825517,561.1194149486462
ENB205RP4Model22,5,20.25,4.05,455.02361576185183,2023-05-10,1.2457221081451062,1.0,7.0,5.754277891854894,,2025-08-07 00:34:00.401824,2025-08-07,2030-05-10,6.052300358549567,86.46143369356524,0.7593781793203157,1.0978112494073458,0.9156856393825517,561.1194149486462
ENB205RP4Model23,5,23.0,4.6,455.02361576185183,2023-05-10,1.2457221081451062,1.0,7.0,5.754277891854894,,2025-08-07 00:34:00.401824,2025-08-07,2030-05-10,6.0512213820651075,86.44601974378725,0.7593781793203157,1.0978112494073458,0.9156856393825517,561.1194149486462
ENB205RP4Model24,5,23.0,4.6,455.02361576185183,2023-05-10,1.2457221081451062,1.0,7.0,5.754277891854894,,2025-08-07 00:34:00.401824,2025-08-07,2030-05-10,6.0512213820651075,86.44601974378725,0.7593781793203157,1.0978112494073458,0.9156856393825517,561.1194149486462
ENB205RP4Model25,5,26.0,5.2,455.02361576185183,2023-05-10,1.2457221081451062,1.0,7.0,5.754277891854894,,2025-08-07 00:34:00.401824,2025-08-07,2030-05-10,6.050044316809334,86.42920452584762,0.7593781793203157,1.0978112494073458,0.9156856393825517,561.1194149486462
ENB205RP4Model26,5,26.0,5.2,455.02361576185183,2023-05-10,1.2457221081451062,1.0,7.0,5.754277891854894,,2025-08-07 00:34:00.401824,2025-08-07,2030-05-10,6.050044316809334,86.42920452584762,0.7593781793203157,1.0978112494073458,0.9156856393825517,561.1194149486462
ENB205RP4Model27,5,26.0,5.2,455.02361576185183,2023-05-10,1.2457221081451062,1.0,7.0,5.754277891854894,,2025-08-07 00:34:00.401824,2025-08-07,2030-05-10,6.050044316809334,86.42920452584762,0.7593781793203157,1.0978112494073458,0.9156856393825517,561.1194149486462
ENB205RP4Model28,5,26.0,5.2,455.02361576185183,2023-05-10,1.2457221081451062,1.0,7.0,5.754277891854894,,2025-08-07 00:34:00.401824,2025-08-07,2030-05-10,6.050044316809334,86.42920452584762,0.7593781793203157,1.0978112494073458,0.9156856393825517,561.1194149486462
ENB205RP4Model3,6,232.9666667,38.82777778333333,455.02361576185183,2023-05-10,1.2457221081451062,1.0,7.0,5.754277891854894,,2025-08-07 00:34:00.401824,2025-08-07,2030-05-10,5.982362646016986,85.46232351452836,0.7593781793203157,1.0978112494073458,0.9156856393825517,561.1194149486462
ENB205RP4Model4,6,231.2166667,38.53611111666667,336.0236157618519,2023-05-10,1.2457221081451062,1.0,7.0,5.754277891854894,,2025-08-07 00:34:00.401824,2025-08-07,2030-05-10,5.967423098267987,85.24890140382838,0.7593781793203157,1.0978112494073458,0.9156856393825517,561.1194149486462
ENB205RP4Model5,5,228.7166667,45.74333334,336.0236157618519,2023-05-10,1.2457221081451062,1.0,7.0,5.754277891854894,,2025-08-07 00:34:00.401824,2025-08-07,2030-05-10,5.955036535662748,85.07195050946783,0.7593781793203157,1.0978112494073458,0.9156856393825517,561.1194149486462
ENB205RP4Model6,5,58.83333333,11.766666666,336.0236157618519,2023-05-10,1.2457221081451062,1.0,7.0,5.754277891854894,,2025-08-07 00:34:00.401824,2025-08-07,2030-05-10,6.021691125411038,86.02415893444339,0.7593781793203157,1.0978112494073458,0.9156856393825517,561.1194149486462
ENB205RP4Model7,5,58.83333333,11.766666666,336.0236157618519,2023-05-10,1.2457221081451062,1.0,7.0,5.754277891854894,,2025-08-07 00:34:00.401824,2025-08-07,2030-05-10,6.021691125411038,86.02415893444339,0.7593781793203157,1.0978112494073458,0.9156856393825517,561.1194149486462
ENB205RP4Model8,5,58.83333333,11.766666666,336.0236157618519,2023-05-10,1.2457221081451062,1.0,7.0,5.754277891854894,,2025-08-07 00:34:00.401824,2025-08-07,2030-05-10,6.021691125411038,86.02415893444339,0.7593781793203157,1.0978112494073458,0.9156856393825517,561.1194149486462
ENB205RP4Model9,5,58.83333333,11.766666666,336.0236157618519,2023-05-10,1.2457221081451062,1.0,7.0,5.754277891854894,,2025-08-07 00:34:00.401824,2025-08-07,2030-05-10,6.021691125411038,86.02415893444339,0.7593781793203157,1.0978112494073458,0.9156856393825517,561.1194149486462
ENB205SATA04341,13,58.183333332000004,4.4756410255384615,605.0236157618518,2018-09-03,5.927446954141,2.0,10.0,4.072553045859,,2025-08-07 00:34:00.401824,2025-02-05,2028-09-03,4.291308921490988,42.91308921490988,0.7593781793203157,1.0978112494073458,0.9156856393825517,561.1194149486462
ENB205SATA04342,13,58.699999999,4.515384615307692,605.0236157618518,2018-09-03,5.927446954141,2.0,10.0,4.072553045859,,2025-08-07 00:34:00.401824,2025-02-05,2028-09-03,4.291275502085396,42.91275502085396,0.7593781793203157,1.0978112494073458,0.9156856393825517,561.1194149486462
ENB205SATA04343,13,67.6,5.199999999999999,605.0236157618518,2018-09-03,5.927446954141,2.0,10.0,4.072553045859,,2025-08-07 00:34:00.401824,2025-02-05,2028-09-03,4.290699825873244,42.906998258732436,0.7593781793203157,1.0978112494073458,0.9156856393825517,561.1194149486462
ENB205SATA04344,13,62.449999999999996,4.803846153846154,605.0236157618518,2018-09-12,5.90280629705681,2.0,10.0,4.09719370294319,,2025-08-07 00:34:00.401824,2025-02-05,2028-09-12,4.312212433133143,43.122124331331435,0.7593781793203157,1.0978112494073458,0.9156856393825517,561.1194149486462
ENB205SATA04345,13,62.566666667,4.812820512846153,605.0236157618518,2018-09-12,5.90280629705681,2.0,10.0,4.09719370294319,,2025-08-07 00:34:00.401824,2025-02-05,2028-09-12,4.312204886815735,43.12204886815735,0.7593781793203157,1.0978112494073458,0.9156856393825517,561.1194149486462
ENB205SATA04346,13,57.633333332999996,4.433333333307692,605.0236157618518,2018-09-05,5.921971252566735,2.0,10.0,4.078028747433265,,2025-08-07 00:34:00.401824,2025-02-05,2028-09-05,4.296051050598185,42.960510505981844,0.7593781793203157,1.0978112494073458,0.9156856393825517,561.1194149486462
ENB205SC1,11,1571.649999998,142.8772727270909,128.02361576185186,2018-10-06,5.83709787816564,1.0,10.0,4.16290212183436,,2025-08-07 00:34:00.401824,2025-08-07,2028-10-06,4.164840835788081,41.64840835788081,0.7593781793203157,1.0978112494073458,0.9156856393825517,561.1194149486462
ENB205SLMDI1,6,26.899999997,4.483333332833333,1434.0236157618517,2018-10-06,5.83709787816564,1.0,10.0,4.16290212183436,,2025-08-07 00:34:00.401824,2025-08-07,2028-10-06,4.5224018838884525,45.224018838884525,0.7593781793203157,1.0978112494073458,0.9156856393825517,561.1194149486462
ENB205SMWL1,9,200.85,22.316666666666666,787.0236157618518,2018-05-03,6.264202600958248,2.0,5.0,0.0,,2025-08-07 00:34:00.401824,2025-02-05,2023-05-03,0.19887600613398693,3.977520122679738,0.7593781793203157,1.0978112494073458,0.9156856393825517,561.1194149486462
ENB205UC1,5,35.699999999999996,7.139999999999999,1922.0236157618517,2018-04-02,6.349075975359343,1.0,5.0,0.0,,2025-08-07 00:34:00.401824,2025-08-07,2023-04-02,0.3193556410959708,6.387112821919416,0.7593781793203157,1.0978112494073458,0.9156856393825517,561.1194149486462
ENB205UC10,5,41.3,8.26,2072.023615761852,2018-12-05,5.672826830937714,1.0,5.0,0.0,,2025-08-07 00:34:00.401824,2025-08-07,2023-12-05,0.9179189153010405,18.35837830602081,0.7593781793203157,1.0978112494073458,0.9156856393825517,561.1194149486462
ENB205UC11,5,43.516666666999996,8.7033333334,1951.0236157618517,2018-04-06,6.338124572210814,1.0,5.0,0.0,,2025-08-07 00:34:00.401824,2025-08-07,2023-04-06,0.32947205046788275,6.589441009357655,0.7593781793203157,1.0978112494073458,0.9156856393825517,561.1194149486462
ENB205UC12,5,756.816666663,151.3633333326,2070.023615761852,2018-12-06,5.670088980150582,1.0,5.0,0.0,,2025-08-07 00:34:00.401824,2025-08-07,2023-12-06,0.6392755747981953,12.785511495963906,0.7593781793203157,1.0978112494073458,0.9156856393825517,561.1194149486462
ENB205UC13,5,43.983333333,8.7966666666,2161.023615761852,2018-09-07,5.916495550992471,1.0,5.0,0.0,,2025-08-07 00:34:00.401824,2025-08-07,2023-09-07,0.7189951078882428,14.379902157764857,0.7593781793203157,1.0978112494073458,0.9156856393825517,561.1194149486462
ENB205UC14,5,23.583333333,4.7166666666,1920.0236157618517,2018-09-07,5.916495550992471,1.0,5.0,0.0,,2025-08-07 00:34:00.401824,2025-08-07,2023-09-07,0.6956673975924401,13.913347951848804,0.7593781793203157,1.0978112494073458,0.9156856393825517,561.1194149486462
ENB205UC15,5,18.5,3.7,1706.0236157618517,2019-12-06,4.670773442847365,1.0,5.0,0.3292265571526354,,2025-08-07 00:34:00.401824,2025-08-07,2024-12-06,1.7405812582550322,34.811625165100644,0.7593781793203157,1.0978112494073458,0.9156856393825517,561.1194149486462
ENB205UC16,5,21.833333333,4.3666666666,1706.0236157618517,2019-12-06,4.670773442847365,1.0,5.0,0.3292265571526354,,2025-08-07 00:34:00.401824,2025-08-07,2024-12-06,1.7392734079709697,34.785468159419395,0.7593781793203157,1.0978112494073458,0.9156856393825517,561.1194149486462
ENB205UC17,5,12.75,2.55,2340.023615761852,2018-03-12,6.406570841889117,1.0,5.0,0.0,,2025-08-07 00:34:00.401824,2025-08-07,2023-03-12,0.33328441965534683,6.665688393106936,0.7593781793203157,1.0978112494073458,0.9156856393825517,561.1194149486462
ENB205UC18,5,16.5,3.3,2340.023615761852,2018-03-12,6.406570841889117,1.0,5.0,0.0,,2025-08-07 00:34:00.401824,2025-08-07,2023-03-12,0.3318130880856289,6.636261761712578,0.7593781793203157,1.0978112494073458,0.9156856393825517,561.1194149486462
ENB205UC19,5,19.5,3.9,2129.023615761852,2018-03-12,6.406570841889117,1.0,5.0,0.0,,2025-08-07 00:34:00.401824,2025-08-07,2023-03-12,0.3032044871394044,6.064089742788088,0.7593781793203157,1.0978112494073458,0.9156856393825517,561.1194149486462
ENB205UC2,5,15.766666666999999,3.1533333334,2135.023615761852,2018-10-03,5.845311430527036,1.0,5.0,0.0,,2025-08-07 00:34:00.401824,2025-08-07,2023-10-03,0.7878710682547783,15.757421365095563,0.7593781793203157,1.0978112494073458,0.9156856393825517,561.1194149486462
ENB205UC20,5,9.116666667,1.8233333334000001,1955.0236157618517,2019-04-01,5.352498288843258,1.0,5.0,0.0,,2025-08-07 00:34:00.401824,2025-08-07,2024-04-01,1.1906687444947472,23.813374889894945,0.7593781793203157,1.0978112494073458,0.9156856393825517,561.1194149486462
ENB205UC21,5,58.65,11.73,1771.0236157618517,2019-10-02,4.848733744010952,1.0,5.0,0.1512662559890483,,2025-08-07 00:34:00.401824,2025-08-07,2024-10-02,1.5803156823041742,31.606313646083485,0.7593781793203157,1.0978112494073458,0.9156856393825517,561.1194149486462
ENB205UC24,4,33.433333333,8.35833333325,1953.0236157618517,2019-04-03,5.347022587268994,1.0,5.0,0.0,,2025-08-07 00:34:00.401824,2025-08-07,2024-04-03,1.1882757541004567,23.765515082009134,0.7593781793203157,1.0978112494073458,0.9156856393825517,561.1194149486462
ENB205UC25,4,36.783333333,9.19583333325,1953.0236157618517,2019-04-03,5.347022587268994,1.0,5.0,0.0,,2025-08-07 00:34:00.401824,2025-08-07,2024-04-03,1.1865154229558748,23.730308459117495,0.7593781793203157,1.0978112494073458,0.9156856393825517,561.1194149486462
ENB205UC26,4,31.5,7.875,1953.0236157618517,2018-12-10,5.6591375770020536,1.0,5.0,0.0,,2025-08-07 00:34:00.401824,2025-08-07,2023-12-10,0.9210181107741962,18.420362215483923,0.7593781793203157,1.0978112494073458,0.9156856393825517,561.1194149486462
ENB205UC28,4,11.4,2.85,1792.0236157618517,2019-09-11,4.906228610540725,1.0,5.0,0.09377138945927488,,2025-08-07 00:34:00.401824,2025-08-07,2024-09-11,1.5578000473724813,31.156000947449623,0.7593781793203157,1.0978112494073458,0.9156856393825517,561.1194149486462
ENB205UC29,4,13.316666667,3.32916666675,1952.0236157618517,2019-04-04,5.344284736481861,1.0,5.0,0.0,,2025-08-07 00:34:00.401824,2025-08-07,2024-04-04,1.2010697683613412,24.021395367226823,0.7593781793203157,1.0978112494073458,0.9156856393825517,561.1194149486462
ENB205UC30,4,33.266666667,8.31666666675,1922.0236157618517,2019-05-04,5.262149212867898,1.0,5.0,0.0,,2025-08-07 00:34:00.401824,2025-08-07,2024-05-04,1.2572846881118682,25.145693762237364,0.7593781793203157,1.0978112494073458,0.9156856393825517,561.1194149486462
ENB205UC8,5,10.166666667,2.0333333334,2102.023615761852,2018-11-05,5.754962354551677,1.0,5.0,0.0,,2025-08-07 00:34:00.401824,2025-08-07,2023-11-05,0.8634361511347723,17.268723022695447,0.7593781793203157,1.0978112494073458,0.9156856393825517,561.1194149486462
ENB205UC9,5,12.033333333,2.4066666666,2072.023615761852,2018-12-05,5.672826830937714,1.0,5.0,0.0,,2025-08-07 00:34:00.401824,2025-08-07,2023-12-05,0.9294018407963871,18.58803681592774,0.7593781793203157,1.0978112494073458,0.9156856393825517,561.1194149486462
ENB205UICLN1,16,47.75,2.984375,270.0236157618519,2023-01-12,1.568788501026694,2.0,10.0,8.431211498973306,,2025-08-07 00:34:00.401824,2025-02-05,2033-01-12,7.975226231319528,79.75226231319527,0.7593781793203157,1.0978112494073458,0.9156856393825517,561.1194149486462
ENB205UICLN2,16,47.5,2.96875,67.02361576185186,2023-04-11,1.325119780971937,2.0,10.0,8.674880219028063,,2025-08-07 00:34:00.401824,2025-02-05,2033-04-11,8.15828296044795,81.5828296044795,0.7593781793203157,1.0978112494073458,0.9156856393825517,561.1194149486462
ENB205UICLN3,16,51.75,3.234375,67.02361576185186,2023-04-11,1.325119780971937,2.0,10.0,8.674880219028063,,2025-08-07 00:34:00.401824,2025-02-05,2033-04-11,8.15817125508331,81.5817125508331,0.7593781793203157,1.0978112494073458,0.9156856393825517,561.1194149486462
ENB205VN1,64,2725.866667024,42.59166667225,1647.0236157618517,2018-05-09,6.247775496235455,1.0,5.0,0.0,,2025-08-07 00:34:00.401824,2025-08-07,2023-05-09,0.23126154053789527,4.625230810757905,0.7593781793203157,1.0978112494073458,0.9156856393825517,561.1194149486462
ENB205WSTPK1,60,2530.3833330049997,42.173055550083326,573.0236157618518,2018-07-10,6.078028747433265,1.0,5.0,0.0,,2025-08-07 00:34:00.401824,2025-08-07,2023-07-10,0.23986882992778114,4.797376598555623,0.7593781793203157,1.0978112494073458,0.9156856393825517,561.1194149486462
ER201B1,26,3091.749999997,118.91346153834616,1587.0236157618517,2018-10-04,5.842573579739904,1.0,0.0,0.0,,2025-08-07 00:34:00.401824,2025-08-07,2018-10-04,-3.136154726945438,-inf,0.7593781793203157,1.0978112494073458,0.9156856393825517,561.1194149486462
ER201B2,26,2482.049999969,95.46346153726924,1587.0236157618517,2018-09-05,5.921971252566735,1.0,0.0,0.0,,2025-08-07 00:34:00.401824,2025-08-07,2018-09-05,-3.2273945248975804,-inf,0.7593781793203157,1.0978112494073458,0.9156856393825517,561.1194149486462
ER201B3,26,1006.233333299,38.70128204996154,1587.0236157618517,2018-10-04,5.842573579739904,1.0,0.0,0.0,,2025-08-07 00:34:00.401824,2025-08-07,2018-10-04,-3.214809766006319,-inf,0.7593781793203157,1.0978112494073458,0.9156856393825517,561.1194149486462
ER201B4,26,218.616666637,8.408333332192308,1404.0236157618517,2018-10-04,5.842573579739904,1.0,0.0,0.0,,2025-08-07 00:34:00.401824,2025-08-07,2018-10-04,-3.2683059766421287,-inf,0.7593781793203157,1.0978112494073458,0.9156856393825517,561.1194149486462
ER201B5,26,119.51666667,4.596794871923077,1404.0236157618517,2018-10-04,5.842573579739904,1.0,0.0,0.0,,2025-08-07 00:34:00.401824,2025-08-07,2018-10-04,-3.2720435225907205,-inf,0.7593781793203157,1.0978112494073458,0.9156856393825517,561.1194149486462
ER201B6,26,232.899999966,8.957692306384615,1404.0236157618517,2018-10-04,5.842573579739904,1.0,0.0,0.0,,2025-08-07 00:34:00.401824,2025-08-07,2018-10-04,-3.267767282246226,-inf,0.7593781793203157,1.0978112494073458,0.9156856393825517,561.1194149486462
ER201B7,26,2407.683333336,92.60320512830769,1404.0236157618517,2018-10-04,5.842573579739904,1.0,0.0,0.0,,2025-08-07 00:34:00.401824,2025-08-07,2018-10-04,-3.1857455603551195,-inf,0.7593781793203157,1.0978112494073458,0.9156856393825517,561.1194149486462
ER201B8,25,2484.4833333330002,99.37933333332,1558.0236157618517,2018-10-04,5.842573579739904,1.0,0.0,0.0,,2025-08-07 00:34:00.401824,2025-08-07,2018-10-04,-3.1658523623061647,-inf,0.7593781793203157,1.0978112494073458,0.9156856393825517,561.1194149486462
ER201C2,1,1.55,1.55,2004.0236157618517,2019-02-11,5.486652977412731,1.0,0.0,0.0,,2025-08-07 00:34:00.401824,2025-08-07,2019-02-11,-2.717735678707847,-inf,0.7593781793203157,1.0978112494073458,0.9156856393825517,561.1194149486462
ER201CAC1,1,2.216666667,2.216666667,2095.023615761852,2018-11-12,5.735797399041752,1.0,0.0,0.0,,2025-08-07 00:34:00.401824,2025-08-07,2018-11-12,-2.9217346893351737,-inf,0.7593781793203157,1.0978112494073458,0.9156856393825517,561.1194149486462
ER201CAC2,1,2.216666667,2.216666667,2095.023615761852,2018-11-12,5.735797399041752,1.0,0.0,0.0,,2025-08-07 00:34:00.401824,2025-08-07,2018-11-12,-2.9217346893351737,-inf,0.7593781793203157,1.0978112494073458,0.9156856393825517,561.1194149486462
ER201CAC3,1,2.216666667,2.216666667,2095.023615761852,2018-11-12,5.735797399041752,1.0,0.0,0.0,,2025-08-07 00:34:00.401824,2025-08-07,2018-11-12,-2.9217346893351737,-inf,0.7593781793203157,1.0978112494073458,0.9156856393825517,561.1194149486462
ER201ED1,5,36.466666667,7.2933333334,2072.023615761852,2018-11-12,5.735797399041752,1.0,0.0,0.0,,2025-08-07 00:34:00.401824,2025-08-07,2018-11-12,-2.9620489257607194,-inf,0.7593781793203157,1.0978112494073458,0.9156856393825517,561.1194149486462
ER201ED2,5,37.5,7.5,1856.0236157618517,2018-12-05,5.672826830937714,1.0,0.0,0.0,,2025-08-07 00:34:00.401824,2025-08-07,2018-12-05,-2.936410564903321,-inf,0.7593781793203157,1.0978112494073458,0.9156856393825517,561.1194149486462
ER201ED3,5,9.616666666,1.9233333332,2070.023615761852,2018-12-07,5.66735112936345,1.0,0.0,0.0,,2025-08-07 00:34:00.401824,2025-08-07,2018-12-07,-2.8929422861398644,-inf,0.7593781793203157,1.0978112494073458,0.9156856393825517,561.1194149486462
ER201ED4,5,161.83333333299998,32.3666666666,2070.023615761852,2018-12-07,5.66735112936345,1.0,0.0,0.0,,2025-08-07 00:34:00.401824,2025-08-07,2018-12-07,-2.952665269367675,-inf,0.7593781793203157,1.0978112494073458,0.9156856393825517,561.1194149486462
ER201ED5,5,11.65,2.33,2095.023615761852,2018-11-12,5.735797399041752,1.0,0.0,0.0,,2025-08-07 00:34:00.401824,2025-08-07,2018-11-12,-2.9493218129972334,-inf,0.7593781793203157,1.0978112494073458,0.9156856393825517,561.1194149486462
ER201ED6,4,11.216666667,2.80416666675,2095.023615761852,2018-11-12,5.735797399041752,1.0,0.0,0.0,,2025-08-07 00:34:00.401824,2025-08-07,2018-11-12,-2.9434931403315736,-inf,0.7593781793203157,1.0978112494073458,0.9156856393825517,561.1194149486462
ER201EF4,1,5.666666667,5.666666667,1679.0236157618517,2020-01-02,4.596851471594798,1.0,10.0,5.403148528405202,,2025-08-07 00:34:00.401824,2025-08-07,2030-01-02,5.6499214711119325,56.49921471111933,0.7593781793203157,1.0978112494073458,0.9156856393825517,561.1194149486462
ER201FF3,1,1.25,1.25,1771.0236157618517,2019-10-02,4.848733744010952,1.0,5.0,0.1512662559890483,,2025-08-07 00:34:00.401824,2025-08-07,2024-10-02,1.6287816462487652,32.57563292497531,0.7593781793203157,1.0978112494073458,0.9156856393825517,561.1194149486462
ER201FF4,1,2.333333333,2.333333333,1771.0236157618517,2019-10-02,4.848733744010952,1.0,5.0,0.1512662559890483,,2025-08-07 00:34:00.401824,2025-08-07,2024-10-02,1.6260492353384528,32.520984706769056,0.7593781793203157,1.0978112494073458,0.9156856393825517,561.1194149486462
ER201GC1,32,5604.316666001,175.13489581253125,1794.0236157618517,2018-11-07,5.749486652977413,1.0,5.0,0.0,,2025-08-07 00:34:00.401824,2025-08-07,2023-11-07,0.957957925521141,19.15915851042282,0.7593781793203157,1.0978112494073458,0.9156856393825517,561.1194149486462
ER201GC2,31,3362.8999996660004,108.48064515051614,1794.0236157618517,2018-10-07,5.834360027378508,1.0,5.0,0.0,,2025-08-07 00:34:00.401824,2025-08-07,2023-10-07,0.7555637569912426,15.111275139824851,0.7593781793203157,1.0978112494073458,0.9156856393825517,561.1194149486462
ER201GF1,10,82.85000000299999,8.285000000299998,2070.023615761852,2018-11-12,5.735797399041752,1.0,0.0,0.0,,2025-08-07 00:34:00.401824,2025-08-07,2018-11-12,-2.9942091070086434,-inf,0.7593781793203157,1.0978112494073458,0.9156856393825517,561.1194149486462
ER201GF2,10,249.38333330299997,24.938333330299997,1954.0236157618517,2018-11-07,5.749486652977413,1.0,0.0,0.0,,2025-08-07 00:34:00.401824,2025-08-07,2018-11-07,-3.042059733935796,-inf,0.7593781793203157,1.0978112494073458,0.9156856393825517,561.1194149486462
ER201GF3,10,248.04999997,24.804999997,1954.0236157618517,2018-11-07,5.749486652977413,1.0,0.0,0.0,,2025-08-07 00:34:00.401824,2025-08-07,2018-11-07,-3.04189157221736,-inf,0.7593781793203157,1.0978112494073458,0.9156856393825517,561.1194149486462
ER201GF4,10,190.566666633,19.0566666633,1856.0236157618517,2018-11-07,5.749486652977413,1.0,0.0,0.0,,2025-08-07 00:34:00.401824,2025-08-07,2018-11-07,-3.0473824133880534,-inf,0.7593781793203157,1.0978112494073458,0.9156856393825517,561.1194149486462
ER201IS1,2,4.2,2.1,2072.023615761852,2018-12-05,5.672826830937714,2.0,5.0,0.0,,2025-08-07 00:34:00.401824,2025-02-05,2023-12-05,0.9505760831405645,19.01152166281129,0.7593781793203157,1.0978112494073458,0.9156856393825517,561.1194149486462
ER201IS2,2,6.1166666670000005,3.0583333335000003,2072.023615761852,2018-12-05,5.672826830937714,2.0,5.0,0.0,,2025-08-07 00:34:00.401824,2025-02-05,2023-12-05,0.9482932248974634,18.965864497949266,0.7593781793203157,1.0978112494073458,0.9156856393825517,561.1194149486462
ER201IS3,2,6.1166666670000005,3.0583333335000003,2072.023615761852,2018-12-05,5.672826830937714,2.0,5.0,0.0,,2025-08-07 00:34:00.401824,2025-02-05,2023-12-05,0.9482932248974634,18.965864497949266,0.7593781793203157,1.0978112494073458,0.9156856393825517,561.1194149486462
ER201MS1,43,4508.416666735,104.84689922639535,1434.0236157618517,2018-09-03,5.927446954141,2.0,10.0,4.072553045859,,2025-08-07 00:34:00.401824,2025-02-05,2028-09-03,4.540842695248482,45.408426952484824,0.7593781793203157,1.0978112494073458,0.9156856393825517,561.1194149486462
ER201P1,2,2.866666666,1.433333333,1983.0236157618517,2019-03-04,5.429158110882957,2.0,10.0,4.570841889117043,,2025-08-07 00:34:00.401824,2025-02-05,2029-03-04,4.977774003821905,49.77774003821905,0.7593781793203157,1.0978112494073458,0.9156856393825517,561.1194149486462
ER201SB1,2,24.2,12.1,2072.023615761852,2018-12-05,5.672826830937714,2.0,10.0,4.327173169062286,,2025-08-07 00:34:00.401824,2025-02-05,2028-12-05,4.7544938110985955,47.54493811098596,0.7593781793203157,1.0978112494073458,0.9156856393825517,561.1194149486462
ER201SB2,2,3.4,1.7,2072.023615761852,2018-12-05,5.672826830937714,2.0,10.0,4.327173169062286,,2025-08-07 00:34:00.401824,2025-02-05,2028-12-05,4.779267785767249,47.792677857672494,0.7593781793203157,1.0978112494073458,0.9156856393825517,561.1194149486462
ER201SB3,1,1.7,1.7,2072.023615761852,2018-12-05,5.672826830937714,2.0,10.0,4.327173169062286,,2025-08-07 00:34:00.401824,2025-02-05,2028-12-05,4.786181374508125,47.86181374508125,0.7593781793203157,1.0978112494073458,0.9156856393825517,561.1194149486462
ER201TTH2,3,5.050000000000001,1.6833333333333336,2095.023615761852,2018-11-12,5.735797399041752,1.0,10.0,4.264202600958248,,2025-08-07 00:34:00.401824,2025-08-07,2028-11-12,4.721256364571346,47.21256364571346,0.7593781793203157,1.0978112494073458,0.9156856393825517,561.1194149486462
ER201TTH3,3,11.25,3.75,1856.0236157618517,2019-07-09,5.08145106091718,1.0,10.0,4.91854893908282,,2025-08-07 00:34:00.401824,2025-08-07,2029-07-09,5.247984314029173,52.47984314029173,0.7593781793203157,1.0978112494073458,0.9156856393825517,561.1194149486462
ER201TTR2,3,83.649999997,27.883333332333333,2095.023615761852,2018-11-12,5.735797399041752,1.0,20.0,14.264202600958248,,2025-08-07 00:34:00.401824,2025-08-07,2038-11-12,12.317993667903956,61.58996833951977,0.7593781793203157,1.0978112494073458,0.9156856393825517,561.1194149486462
ER201TTR3,3,12.066666667,4.022222222333333,1587.0236157618517,2019-07-09,5.08145106091718,1.0,20.0,14.91854893908282,,2025-08-07 00:34:00.401824,2025-08-07,2039-07-09,12.867879748757423,64.33939874378711,0.7593781793203157,1.0978112494073458,0.9156856393825517,561.1194149486462
ER201WG1,11,77.649999997,7.059090908818181,1770.0236157618517,2018-11-12,5.735797399041752,1.0,5.0,0.0,,2025-08-07 00:34:00.401824,2025-08-07,2023-11-12,0.7899109862632496,15.798219725264993,0.7593781793203157,1.0978112494073458,0.9156856393825517,561.1194149486462
ER201WG2,11,95.73333333,8.703030302727273,1770.0236157618517,2018-11-12,5.735797399041752,1.0,5.0,0.0,,2025-08-07 00:34:00.401824,2025-08-07,2023-11-12,0.7880679651823135,15.76135930364627,0.7593781793203157,1.0978112494073458,0.9156856393825517,561.1194149486462
ER201WG3,11,76.48333333,6.953030302727272,2095.023615761852,2018-11-12,5.735797399041752,1.0,5.0,0.0,,2025-08-07 00:34:00.401824,2025-08-07,2023-11-12,0.8322822562491359,16.645645124982718,0.7593781793203157,1.0978112494073458,0.9156856393825517,561.1194149486462
ER201WG4,11,79.349999996,7.213636363272727,1771.0236157618517,2019-07-09,5.08145106091718,1.0,5.0,0.0,,2025-08-07 00:34:00.401824,2025-08-07,2024-07-09,1.3523008890889376,27.04601778177875,0.7593781793203157,1.0978112494073458,0.9156856393825517,561.1194149486462
ER201WG5,11,54.766666662999995,4.978787878454545,1771.0236157618517,2019-07-09,5.08145106091718,1.0,5.0,0.0,,2025-08-07 00:34:00.401824,2025-08-07,2024-07-09,1.3548063785768587,27.096127571537178,0.7593781793203157,1.0978112494073458,0.9156856393825517,561.1194149486462
TC101DCTZT1,14,1613.066667,115.21904764285715,1707.0236157618517,2019-02-04,5.505817932922656,1.0,10.0,4.494182067077344,,2025-08-07 00:34:00.401824,2025-08-07,2029-02-04,4.712852017173695,47.12852017173695,0.7593781793203157,1.0978112494073458,0.9156856393825517,561.1194149486462
TC101FTVVEF191,14,45.783333333,3.2702380952142858,1924.0236157618517,2018-03-08,6.417522245037645,1.0,7.0,0.5824777549623548,,2025-08-07 00:34:00.401824,2025-08-07,2025-03-08,1.739228673608646,24.846123908694942,0.7593781793203157,1.0978112494073458,0.9156856393825517,561.1194149486462
TC101PAMRJM31,244,3752.69999998,15.379918032704918,453.02361576185183,2018-03-01,6.436687200547571,1.0,7.0,0.5633127994524294,,2025-08-07 00:34:00.401824,2025-08-07,2025-03-01,0.37375095773201483,5.339299396171641,0.7593781793203157,1.0978112494073458,0.9156856393825517,561.1194149486462
TC101SPC2,1,0.25,0.25,2006.0236157618517,2019-02-09,5.492128678986996,1.0,20.0,14.507871321013004,,2025-08-07 00:34:00.401824,2025-08-07,2039-02-09,12.59205210511932,62.9602605255966,0.7593781793203157,1.0978112494073458,0.9156856393825517,561.1194149486462
TC101SPC3,1,93.93333333,93.93333333,1404.0236157618517,2020-06-03,4.177960301163586,1.0,20.0,15.822039698836413,,2025-08-07 00:34:00.401824,2025-08-07,2040-06-03,13.407070102142661,67.03535051071331,0.7593781793203157,1.0978112494073458,0.9156856393825517,561.1194149486462
TC101SPC4,1,7.5,7.5,1343.0236157618517,2020-12-03,3.676933607118412,1.0,20.0,16.32306639288159,,2025-08-07 00:34:00.401824,2025-08-07,2040-12-03,14.047793667193137,70.23896833596568,0.7593781793203157,1.0978112494073458,0.9156856393825517,561.1194149486462
