UniqueID,NextMaintenanceDate_MLR,DepreciationDate_MLR,PredictedRUL_MLR,EquipmentHealth_MLR,NextMaintenanceDate_KNN,DepreciationDate_KNN,PredictedRUL_KNN,EquipmentHealth_KNN,NextMaintenanceDate_SVR,DepreciationDate_SVR,PredictedRUL_SVR,EquipmentHealth_SVR
ENB201BEaH1,2025-05-05,2029-01-25,4.753397480359171,47.5339748035917,2025-05-05,2029-01-25,4.29486653,42.9486653,2025-05-06,2029-01-25,4.905746184531065,49.05746184531065
ENB201DORDG1D11,2025-05-05,2028-03-04,3.9079688291320025,39.079688291320025,2025-05-05,2028-03-04,3.854620123,38.54620123,2025-05-06,2028-03-04,4.054282592618304,40.54282592618304
ENB201DORDS1EU2,2025-05-05,2028-03-04,3.9613719330698167,39.61371933069817,2025-05-05,2028-03-04,3.854072553,38.54072553,2025-05-06,2028-03-04,4.023798273885088,40.23798273885088
ENB201DPSM160801,2024-11-03,2029-10-19,5.548915418995097,55.48915418995097,2024-03-11,2029-10-19,4.250513347,42.50513347,2024-11-04,2029-10-19,5.401366540530628,54.01366540530628
ENB201FGMSO6031,2024-08-04,2028-02-04,3.9038257180528433,39.03825718052843,2024-04-08,2028-02-04,4.96440794,49.6440794,2024-08-05,2028-02-04,4.104627852453316,41.04627852453316
ENB201FGMSO6032,2024-08-04,2028-02-04,4.0144559065979335,40.14455906597934,2024-04-08,2028-02-04,4.96440794,49.6440794,2024-08-05,2028-02-04,4.345376957158489,43.45376957158489
ENB201M1,2024-11-03,2029-10-19,6.019995311065047,60.19995311065047,2024-03-11,2029-10-19,3.137850787,31.37850787,2024-11-04,2029-10-19,5.537241672989378,55.37241672989378
ENB204AN1,2024-11-03,2029-02-03,5.5298185749822535,55.29818574982254,2024-03-11,2029-02-03,3.607392197,36.07392197,2024-11-04,2029-02-03,4.96538625367398,49.6538625367398
ENB204ATRK175481,2025-05-05,2028-04-12,4.1175230180868505,41.1752301808685,2025-05-05,2028-04-12,3.875975359,38.75975359,2025-05-06,2028-04-12,4.151538118612418,41.51538118612418
ENB204AtAN1,2025-05-05,2028-06-11,4.253516805551457,42.535168055514575,2025-05-05,2028-06-11,4.015058179,40.15058179,2025-05-06,2028-06-11,4.27150274517194,42.7150274517194
ENB204AtRK175491,2025-05-05,2028-04-25,4.144265408384831,41.44265408384831,2025-05-05,2028-04-25,3.930184805,39.30184805,2025-05-06,2028-04-25,4.156969529992832,41.56969529992832
ENB204DOU210001,2025-05-05,2028-01-03,3.807986453443096,38.07986453443096,2025-05-05,2028-01-03,3.854072553,38.54072553,2025-05-06,2028-01-03,3.875275752632344,38.75275752632344
ENB204DOU210002,2025-05-05,2028-02-04,3.890246275598229,38.90246275598229,2025-05-05,2028-02-04,3.854072553,38.54072553,2025-05-06,2028-02-04,3.954228471274884,39.542284712748845
ENB204DPSH101004,2025-05-05,2033-03-05,8.571259084547503,57.14172723031668,2025-05-05,2033-03-05,5.790554415,38.6036961,2025-05-06,2033-03-05,8.459478867598275,56.396525783988494
ENB204DPSML111352,2025-05-05,2029-10-19,6.038843695943662,60.38843695943662,2025-05-05,2029-10-19,5.612320329,56.12320329,2025-05-06,2029-10-19,5.656049989056239,56.56049989056239
ENB204DPSML111353,2025-05-05,2033-03-04,8.659834506876292,57.732230045841945,2025-05-05,2033-03-04,5.80698152,38.71321013,2025-05-06,2033-03-04,8.486339778066078,56.57559852044052
ENB204DPSML160801,2025-05-05,2029-10-05,5.990551641225897,59.905516412258976,2025-05-05,2029-10-05,5.612320329,56.12320329,2025-05-06,2029-10-05,5.610520983472863,56.10520983472863
ENB204ESA120201,2025-05-05,2023-02-04,0.5367816063244231,10.73563212648846,2025-05-05,2023-02-04,0.0,0.0,2025-05-06,2023-02-04,0.9700029342290252,19.400058684580507
ENB204NaCL101471,2024-11-03,2028-05-11,4.548276590334124,45.482765903341246,2024-03-11,2028-05-11,2.338945927,23.38945927,2024-11-04,2028-05-11,4.543541113738367,45.43541113738368
ENB204OAI202013,2025-05-05,2033-02-09,7.937080422680847,52.91386948453898,2025-05-05,2033-02-09,8.796577687,58.64385124,2025-05-06,2033-02-09,8.333801091017133,55.55867394011423
ENB204OAI202015,2025-05-05,2033-03-09,7.99871282737889,53.324752182525934,2025-05-05,2033-03-09,8.796577687,58.64385124,2025-05-06,2033-03-09,8.300651724750107,55.33767816500072
ENB204OAI202016,2025-05-05,2033-03-09,8.021495386048414,53.47663590698944,2025-05-05,2033-03-09,5.816837782,38.77891855,2025-05-06,2033-03-09,8.542683014771367,56.95122009847577
ENB204OAI4,2025-05-05,2033-03-09,7.9998128552019905,53.3320857013466,2025-05-05,2033-03-09,8.796577687,58.64385124,2025-05-06,2033-03-09,8.297167837744976,55.31445225163317
ENB204OP052002,2025-05-05,2033-02-09,7.923098903686445,52.82065935790964,2025-05-05,2033-02-09,8.796577687,58.64385124,2025-05-06,2033-02-09,8.221595504970221,54.81063669980147
ENB204OW650201,2025-05-05,2033-02-09,7.92408262011436,52.827217467429065,2025-05-05,2033-02-09,8.796577687,58.64385124,2025-05-06,2033-02-09,8.22665368801395,54.844357920093
ENB204PAF080501,2025-05-05,2034-03-16,8.955983562029129,59.70655708019419,2025-05-05,2034-03-16,9.015605749,60.10403833,2025-05-06,2034-03-16,9.155981538826063,61.039876925507095
ENB204PB1,2024-11-03,2029-01-08,5.414836843263676,54.148368432636765,2024-03-11,2029-01-08,3.607392197,36.07392197,2024-11-04,2029-01-08,4.88423116727213,48.8423116727213
ENB204PCN66K1,2024-11-03,2022-02-04,-0.26946277475114,-8.982092491704668,2024-03-11,2022-02-04,0.0,0.0,2024-11-04,2022-02-04,-1.030935987937799,0.0
ENB204PSP1,2024-11-03,2023-02-05,-0.176610203954203,-3.53220407908406,2024-03-11,2023-02-05,0.0,0.0,2024-11-04,2023-02-05,-0.4067914872924558,0.0
ENB204PSP2,2024-11-03,2023-02-05,-0.1650853380226324,-3.301706760452649,2024-03-11,2023-02-05,0.0,0.0,2024-11-04,2023-02-05,-0.4058939990266919,0.0
ENB204PWSR1,2025-05-05,2028-03-10,4.465524301781193,44.65524301781193,2025-05-05,2028-03-10,0.737850787,7.378507871,2025-05-06,2028-03-10,4.458335763201514,44.58335763201514
ENB204SB1,2025-05-05,2024-02-21,1.1435934056181214,22.871868112362428,2025-05-05,2024-02-21,0.0,0.0,2025-05-06,2024-02-21,0.7746740904491634,15.493481808983269
ENB204UCG049891,2025-05-05,2023-06-07,-0.100459044568975,-2.0091808913795006,2025-05-05,2023-06-07,0.150992471,3.019849418,2025-05-06,2023-06-07,0.0507752066856954,1.0155041337139092
ENB204UDAG672011,2024-08-04,2037-11-04,12.409007962746616,82.72671975164411,2024-04-08,2037-11-04,7.935112936,52.90075291,2024-08-05,2037-11-04,12.10975670664052,80.73171137760347
ENB204XUJSDXAO161,2024-11-03,2028-10-05,5.193074800490921,100.0,2024-03-11,2028-10-05,6.186858316,100.0,2024-11-04,2028-10-05,4.729557574153343,94.59115148306688
ENB2051FEDF30H41,2025-05-05,2023-10-20,0.9739435124593054,19.47887024918611,2025-05-05,2023-10-20,0.0,0.0,2025-05-06,2023-10-20,0.4768872893270344,9.537745786540688
ENB2051SDS00F11,2025-05-05,2023-09-16,0.6933944356527295,13.86788871305459,2025-05-05,2023-09-16,0.32881588,6.576317591,2025-05-06,2023-09-16,0.3087654233765096,6.175308467530192
ENB20581DT216801,2024-11-03,2025-02-17,2.2888311256298426,45.77662251259685,2024-03-11,2025-02-17,0.157289528,3.145790554,2024-11-04,2025-02-17,1.600096145537147,32.00192291074294
ENB205ACS4,2024-11-03,2020-09-25,-2.0790076133834057,-103.95038066917029,2024-03-11,2020-09-25,0.0,0.0,2024-11-04,2020-09-25,-2.2632853695161868,0.0
ENB205ACSBVD043,2024-11-03,2020-05-11,-2.410088871447656,-120.5044435723828,2024-03-11,2020-05-11,0.0,0.0,2024-11-04,2020-05-11,-2.731990068909316,0.0
ENB205ACSBVD051,2024-11-03,2020-01-10,-2.723913814713525,-136.1956907356763,2024-03-11,2020-01-10,0.0,0.0,2024-11-04,2020-01-10,-3.0306082325608696,0.0
ENB205ACSBVD062,2024-11-03,2020-04-11,-2.4916585684963635,-124.58292842481818,2024-03-11,2020-04-11,0.0,0.0,2024-11-04,2020-04-11,-2.8007299368531204,0.0
ENB205ADCS2,2025-05-05,2025-03-26,1.6920019432859874,24.17145633265696,2025-05-05,2025-03-26,0.32881588,4.697369708,2025-05-06,2025-03-26,1.3415585769195348,19.165122527421925
ENB205ADCS3,2025-05-05,2025-08-05,2.688633775949151,38.409053942130726,2025-05-05,2025-08-05,0.554414784,7.920211206,2025-05-06,2025-08-05,2.0797508753691107,29.71072679098729
ENB205ADCS4,2025-05-05,2025-11-12,2.9070712275943755,41.529588965633934,2025-05-05,2025-11-12,0.304312115,4.347315928,2025-05-06,2025-11-12,2.3146474160108954,33.0663916572985
ENB205ADI1,2025-05-05,2023-02-05,0.7472530424505885,14.945060849011773,2025-05-05,2023-02-05,0.0,0.0,2025-05-06,2023-02-05,1.3040257402550668,26.08051480510133
ENB205AS1,2024-11-03,2029-11-25,6.175945435646607,61.75945435646607,2024-03-11,2029-11-25,4.087611225,40.87611225,2024-11-04,2029-11-25,5.661615992322961,56.61615992322962
ENB205AT1,2024-11-03,2028-04-14,4.094216201299905,40.94216201299905,2024-03-11,2028-04-14,3.927994524,39.27994524,2024-11-04,2028-04-14,4.021399768136373,40.21399768136373
ENB205Bcfn1,2025-05-05,2023-11-16,1.276191726083194,25.52383452166388,2025-05-05,2023-11-16,0.0,0.0,2025-05-06,2023-11-16,0.6114619289379806,12.229238578759611
ENB205Bcfn2,2025-05-05,2023-11-16,1.2815346099456502,25.630692198913003,2025-05-05,2023-11-16,0.0,0.0,2025-05-06,2023-11-16,0.6156203224178642,12.312406448357285
ENB205Bcfn3,2025-05-05,2023-12-11,1.3383384743972693,26.766769487945385,2025-05-05,2023-12-11,0.0,0.0,2025-05-06,2023-12-11,0.6762162608880788,13.524325217761575
ENB205Bcfn4,2025-05-05,2024-09-09,1.9268735816714029,38.537471633428055,2025-05-05,2024-09-09,0.353045859,7.06091718,2025-05-06,2024-09-09,1.312547676623264,26.25095353246528
ENB205Bcfn5,2025-05-05,2024-11-14,2.080616764637006,41.61233529274012,2025-05-05,2024-11-14,0.353045859,7.06091718,2025-05-06,2024-11-14,1.4754638950195402,29.509277900390806
ENB205Bcfn6,2025-05-05,2024-11-21,2.0876989644652566,41.753979289305136,2025-05-05,2024-11-21,0.353045859,7.06091718,2025-05-06,2024-11-21,1.485563812669763,29.71127625339526
ENB205Bcfn7,2025-05-05,2024-11-28,2.113258637651169,42.26517275302338,2025-05-05,2024-11-28,0.353045859,7.06091718,2025-05-06,2024-11-28,1.5100449615944416,30.200899231888837
ENB205Bcfn8,2025-05-05,2024-11-28,2.107114321209344,42.14228642418688,2025-05-05,2024-11-28,0.353045859,7.06091718,2025-05-06,2024-11-28,1.5052627831552416,30.105255663104835
ENB205Bfp1,2024-11-03,2029-08-29,5.979354725765109,59.79354725765109,2024-03-11,2029-08-29,4.087611225,40.87611225,2024-11-04,2029-08-29,5.450932326618979,54.50932326618979
ENB205CBwL1,2025-05-05,2033-03-28,8.67638272537888,57.84255150252587,2025-05-05,2033-03-28,10.14757016,67.65046772,2025-05-06,2033-03-28,8.476427131690482,56.509514211269874
ENB205CCDL1,2025-05-05,2023-07-11,0.7716369535081506,15.432739070163011,2025-05-05,2023-07-11,0.0,0.0,2025-05-06,2023-07-11,0.2432873643789679,4.865747287579358
ENB205CCDL2,2025-05-05,2023-07-11,0.7767766543808454,15.53553308761691,2025-05-05,2023-07-11,0.0,0.0,2025-05-06,2023-07-11,0.241735681318143,4.834713626362861
ENB205CDL1,2024-11-03,2028-06-09,4.921896329777954,98.43792659555908,2024-03-11,2028-06-09,6.186858316,100.0,2024-11-04,2028-06-09,4.444146100847913,88.88292201695826
ENB205CFPn1,2025-05-05,2024-02-21,1.047768326908037,20.95536653816073,2025-05-05,2024-02-21,0.0,0.0,2025-05-06,2024-02-21,0.7810661163036019,15.621322326072038
ENB205CM1,2025-05-05,2025-02-05,1.7181261302808952,24.54465900401279,2025-05-05,2025-02-05,0.32881588,4.697369708,2025-05-06,2025-02-05,1.4127523977164418,20.18217711023488
ENB205CM2,2025-05-05,2025-03-12,1.4781398160155843,21.11628308593692,2025-05-05,2025-03-12,0.542231348,7.74616212,2025-05-06,2025-03-12,1.2924393679801611,18.46341954257373
ENB205CT2,2024-11-03,2028-02-11,4.36085639668262,43.6085639668262,2024-03-11,2028-02-11,3.91266256,39.1266256,2024-11-04,2028-02-11,4.054212649710873,40.54212649710873
ENB205CTBT10,2025-05-05,2028-08-20,4.421604603641911,44.21604603641911,2025-05-05,2028-08-20,4.291581109,42.91581109,2025-05-06,2028-08-20,4.44023721150884,44.4023721150884
ENB205CTBT11,2025-05-05,2028-08-20,4.421428549680513,44.21428549680513,2025-05-05,2028-08-20,4.291581109,42.91581109,2025-05-06,2028-08-20,4.440168762326405,44.401687623264046
ENB205CTBT18,2025-05-05,2028-10-04,4.245562616038114,42.45562616038114,2025-05-05,2028-10-04,2.60109514,26.0109514,2025-05-06,2028-10-04,4.401688673309447,44.01688673309447
ENB205CTBT5,2025-05-05,2028-04-16,4.097214219548134,40.97214219548134,2025-05-05,2028-04-16,3.930184805,39.30184805,2025-05-06,2028-04-16,4.127453171191203,41.274531711912026
ENB205CTBT6,2025-05-05,2028-04-23,4.115586494022151,41.15586494022151,2025-05-05,2028-04-23,4.015058179,40.15058179,2025-05-06,2028-04-23,4.144966366767815,41.44966366767815
ENB205CTBT7,2025-05-05,2028-08-05,4.383176075219911,43.83176075219911,2025-05-05,2028-08-05,4.283367556,42.83367556,2025-05-06,2028-08-05,4.403074636627618,44.03074636627618
ENB205CTBT8,2025-05-05,2028-08-20,4.421741534500776,44.21741534500776,2025-05-05,2028-08-20,4.291581109,42.91581109,2025-05-06,2028-08-20,4.440290443724418,44.40290443724418
ENB205CTBT9,2025-05-05,2028-08-20,4.421960623874959,44.21960623874959,2025-05-05,2028-08-20,4.291581109,42.91581109,2025-05-06,2028-08-20,4.440375617539441,44.40375617539441
ENB205CTCK12,2025-05-05,2028-08-20,4.415246881381248,44.15246881381248,2025-05-05,2028-08-20,4.291581109,42.91581109,2025-05-06,2028-08-20,4.437791814134155,44.377918141341546
ENB205CTCK13,2025-05-05,2028-08-20,4.414816527253387,44.148165272533866,2025-05-05,2028-08-20,4.291581109,42.91581109,2025-05-06,2028-08-20,4.437624489169732,44.37624489169732
ENB205CTCK14,2025-05-05,2028-08-20,4.416968297892691,44.16968297892691,2025-05-05,2028-08-20,4.291581109,42.91581109,2025-05-06,2028-08-20,4.438461065272033,44.38461065272033
ENB205CTCK15,2025-05-05,2028-08-20,4.4125121765142055,44.125121765142055,2025-05-05,2028-08-20,4.291581109,42.91581109,2025-05-06,2028-08-20,4.436728594658828,44.36728594658828
ENB205CTCK16,2025-05-05,2028-08-20,4.417495587380547,44.174955873805466,2025-05-05,2028-08-20,4.291581109,42.91581109,2025-05-06,2028-08-20,4.438771589318687,44.38771589318687
ENB205CTCK19,2025-05-05,2028-11-04,4.711834221107239,47.11834221107239,2025-05-05,2028-11-04,4.489801506,44.89801506,2025-05-06,2028-11-04,4.657785748256767,46.57785748256767
ENB205CTCK20,2025-05-05,2028-12-04,4.788598077734174,47.88598077734174,2025-05-05,2028-12-04,4.489801506,44.89801506,2025-05-06,2028-12-04,4.732079940041924,47.32079940041924
ENB205CTCK21,2025-05-05,2029-01-10,4.882654784629294,48.82654784629293,2025-05-05,2029-01-10,4.489801506,44.89801506,2025-05-06,2029-01-10,4.82342278655565,48.2342278655565
ENB205CTE17,2025-05-05,2028-08-20,4.420300059534895,44.20300059534895,2025-05-05,2028-08-20,4.291581109,42.91581109,2025-05-06,2028-08-20,4.439941057187436,44.39941057187436
ENB205CTHT4,2025-05-05,2028-04-16,4.096686057663941,40.96686057663941,2025-05-05,2028-04-16,3.930184805,39.30184805,2025-05-06,2028-04-16,4.127247819627566,41.272478196275664
ENB205CTPH22,2025-05-05,2029-01-10,4.882654784629294,48.82654784629293,2025-05-05,2029-01-10,4.489801506,44.89801506,2025-05-06,2029-01-10,4.82342278655565,48.2342278655565
ENB205CTPK1,2025-05-05,2028-02-04,3.875498715586673,38.75498715586673,2025-05-05,2028-02-04,3.854620123,38.54620123,2025-05-06,2028-02-04,4.020680719937129,40.20680719937129
ENB205CTW2,2025-05-05,2028-04-14,4.094851724335299,40.94851724335299,2025-05-05,2028-04-14,3.930184805,39.30184805,2025-05-06,2028-04-14,4.123571708341526,41.23571708341526
ENB205CTW3,2025-05-05,2028-04-16,4.099139076192747,40.99139076192747,2025-05-05,2028-04-16,3.930184805,39.30184805,2025-05-06,2028-04-16,4.128201527384274,41.28201527384274
ENB205CTn10,2024-11-03,2028-04-04,4.053644219183675,40.53644219183676,2024-03-11,2028-04-04,3.927994524,39.27994524,2024-11-04,2028-04-04,4.001256608063752,40.01256608063752
ENB205CTn11,2024-11-03,2028-04-04,4.490000081773856,44.90000081773856,2024-03-11,2028-04-04,3.91266256,39.1266256,2024-11-04,2028-04-04,4.176199208837399,41.761992088374
ENB205CTn3,2024-11-03,2028-03-15,4.4849950367883045,44.84995036788305,2024-03-11,2028-03-15,3.87926078,38.7926078,2024-11-04,2028-03-15,4.108606050149003,41.08606050149003
ENB205CTn4,2024-11-03,2028-03-16,4.370304851182811,43.70304851182812,2024-03-11,2028-03-16,2.329637235,23.29637235,2024-11-04,2028-03-16,4.177029498279492,41.77029498279492
ENB205CTn5,2024-11-03,2028-03-19,4.493259828737652,44.93259828737652,2024-03-11,2028-03-19,3.87926078,38.7926078,2024-11-04,2028-03-19,4.116032821484307,41.16032821484307
ENB205CTn6,2024-11-03,2028-03-20,4.497311487294422,44.97311487294422,2024-03-11,2028-03-20,3.87926078,38.7926078,2024-11-04,2028-03-20,4.117654566079775,41.17654566079775
ENB205CTn7,2024-11-03,2028-03-23,4.504765090955499,45.047650909555,2024-03-11,2028-03-23,3.87926078,38.7926078,2024-11-04,2028-03-23,4.125203872457544,41.25203872457544
ENB205CTn8,2024-11-03,2028-04-04,4.537620577601678,45.37620577601678,2024-03-11,2028-04-04,3.87926078,38.7926078,2024-11-04,2028-04-04,4.153664857507149,41.53664857507149
ENB205CTn9,2024-11-03,2028-04-04,4.062970435212383,40.629704352123824,2024-03-11,2028-04-04,3.927994524,39.27994524,2024-11-04,2028-04-04,4.006715182864038,40.067151828640384
ENB205CfDn1,2025-05-05,2028-01-03,4.568979959081924,45.689799590819234,2025-05-05,2028-01-03,3.953182752,39.53182752,2025-05-06,2028-01-03,4.101265137441853,41.01265137441853
ENB205D1,2025-05-05,2025-04-18,2.168759256920996,30.982275098871376,2025-05-05,2025-04-18,0.902258727,12.88941038,2025-05-06,2025-04-18,1.7340406476374954,24.77200925196422
ENB205D2,2025-05-05,2025-04-18,2.179428575158436,31.1346939308348,2025-05-05,2025-04-18,0.902258727,12.88941038,2025-05-06,2025-04-18,1.7396959577542035,24.852799396488624
ENB205DM8,2025-05-05,2025-04-17,2.130470847018233,30.435297814546185,2025-05-05,2025-04-17,0.902258727,12.88941038,2025-05-06,2025-04-17,1.7126256571006269,24.46608081572324
ENB205DMAM00091,2025-05-05,2025-03-05,2.0616780934233137,29.452544191761625,2025-05-05,2025-03-05,0.902258727,12.88941038,2025-05-06,2025-03-05,1.629913781661937,23.284482595170523
ENB205DMAM00092,2025-05-05,2025-03-26,2.09970881059764,29.995840151394848,2025-05-05,2025-03-26,0.902258727,12.88941038,2025-05-06,2025-03-26,1.6762035162043063,23.945764517204378
ENB205DMAM00093,2025-05-05,2025-03-26,2.1064649078872515,30.092355826960738,2025-05-05,2025-03-26,0.902258727,12.88941038,2025-05-06,2025-03-26,1.6793346091959864,23.99049441708552
ENB205DMAM00094,2025-05-05,2025-03-26,1.2388018533066625,17.697169332952317,2025-05-05,2025-03-26,0.920328542,13.1475506,2025-05-06,2025-03-26,1.277227579042712,18.24610827203874
ENB205DMAM00095,2025-05-05,2025-03-27,1.2767554866437694,18.23936409491099,2025-05-05,2025-03-27,0.920328542,13.1475506,2025-05-06,2025-03-27,1.296107378214994,18.51581968878563
ENB205DMAM00096,2025-05-05,2025-04-10,1.3105446788680997,18.72206684097285,2025-05-05,2025-04-10,0.920328542,13.1475506,2025-05-06,2025-04-10,1.3298354627419502,18.997649467742143
ENB205DMAM00097,2025-05-05,2025-04-10,0.7956983314615931,11.3671190208799,2025-05-05,2025-04-10,0.917590691,13.10843845,2025-05-06,2025-04-10,1.1615102463489635,16.59300351927091
ENB205DMP062901,2025-05-05,2025-04-14,1.177943329145516,16.827761844935946,2025-05-05,2025-04-14,0.920328542,13.1475506,2025-05-06,2025-04-14,1.1973267094087094,17.10466727726728
ENB205DMP062902,2025-05-05,2025-04-15,1.169470654649463,16.70672363784947,2025-05-05,2025-04-15,0.920328542,13.1475506,2025-05-06,2025-04-15,1.194583001904586,17.0654714557798
ENB205DMP062903,2025-05-05,2025-04-16,1.167920553951487,16.6845793421641,2025-05-05,2025-04-16,0.920328542,13.1475506,2025-05-06,2025-04-16,1.1956653137546271,17.08093305363753
ENB205DMP062904,2025-05-05,2025-04-16,1.172381205905002,16.74830294150003,2025-05-05,2025-04-16,0.920328542,13.1475506,2025-05-06,2025-04-16,1.1980297596980125,17.11471085282875
ENB205DMP062905,2025-05-05,2025-04-17,2.202834365064818,31.46906235806883,2025-05-05,2025-04-17,0.926351814,13.23359734,2025-05-06,2025-04-17,1.7453398200538248,24.933426000768925
ENB205DMP6,2025-05-05,2025-04-17,2.207412276502679,31.534461092895416,2025-05-05,2025-04-17,0.926351814,13.23359734,2025-05-06,2025-04-17,1.747844705716172,24.9692100816596
ENB205DMP7,2025-05-05,2025-04-17,2.17988294441157,31.141184920165284,2025-05-05,2025-04-17,0.902258727,12.88941038,2025-05-06,2025-04-17,1.738816337552318,24.840233393604542
ENB205DPSLGSN14K1,2024-11-03,2028-10-22,5.298746963126154,52.98746963126154,2024-03-11,2028-10-22,4.410951403,44.10951403,2024-11-04,2028-10-22,4.717379381306866,47.17379381306866
ENB205DSP1,2024-11-03,2028-03-20,4.49293442793586,44.9293442793586,2024-03-11,2028-03-20,3.91266256,39.1266256,2024-11-04,2028-03-20,4.195093072843203,41.950930728432034
ENB205EACnMO2021,2024-11-03,2023-04-19,0.4771538854463459,9.54307770892692,2024-03-11,2023-04-19,0.0,0.0,2024-11-04,2023-04-19,-0.0523861047025531,0.0
ENB205EoCU1,2025-05-05,2028-08-14,4.345083538180352,43.45083538180352,2025-05-05,2028-08-14,4.394524298,43.94524298,2025-05-06,2028-08-14,4.425983506147215,44.25983506147215
ENB205EoCU2,2025-05-05,2028-11-17,4.609044716450147,46.09044716450147,2025-05-05,2028-11-17,4.394524298,43.94524298,2025-05-06,2028-11-17,4.659820733135032,46.59820733135032
ENB205EoCU3,2025-05-05,2028-12-03,4.642882372305829,46.42882372305829,2025-05-05,2028-12-03,4.544010951,45.44010951,2025-05-06,2028-12-03,4.705332881168626,47.05332881168626
ENB205EoCU4,2025-05-05,2029-05-20,5.0553749893189455,50.55374989318946,2025-05-05,2029-05-20,4.622313484,46.22313484,2025-05-06,2029-05-20,5.120545766790794,51.205457667907936
ENB205FACLGS04201,2025-05-05,2033-11-11,9.266239601619018,92.6623960161902,2025-05-05,2033-11-11,9.5137577,95.137577,2025-05-06,2033-11-11,9.15893596234096,91.58935962340958
ENB205FEMI1,2025-05-05,2024-04-15,1.5377503524944012,30.75500704988802,2025-05-05,2024-04-15,0.0,0.0,2025-05-06,2024-04-15,0.9135154456686468,18.270308913372936
ENB205FEMI2,2025-05-05,2024-04-15,1.5377503524944012,30.75500704988802,2025-05-05,2024-04-15,0.0,0.0,2025-05-06,2024-04-15,0.9135154456686468,18.270308913372936
ENB205FGPETEKF1,2025-05-05,2028-03-03,4.026087801844525,40.26087801844525,2025-05-05,2028-03-03,3.930184805,39.30184805,2025-05-06,2028-03-03,4.028785703537917,40.28785703537917
ENB205FGPETEKF2,2025-05-05,2028-08-11,5.059344790489543,50.59344790489544,2025-05-05,2028-08-11,4.413141684,44.13141684,2025-05-06,2028-08-11,4.619784314077744,46.19784314077744
ENB205FMETETEKA1,2025-05-05,2028-05-11,4.802511029223315,48.02511029223315,2025-05-05,2028-05-11,3.953182752,39.53182752,2025-05-06,2028-05-11,4.401335423238972,44.01335423238972
ENB205HCC154491,2024-11-03,2038-03-03,12.9346890111834,64.673445055917,2024-03-11,2038-03-03,14.07091034,70.35455168,2024-11-04,2038-03-03,12.690188159592848,63.45094079796423
ENB205HS1,2024-11-03,2028-10-21,5.289656156736772,52.89656156736772,2024-03-11,2028-10-21,4.410951403,44.10951403,2024-11-04,2028-10-21,4.712661125589559,47.12661125589559
ENB205KA1,2024-11-03,2023-04-09,0.0597642003795995,1.1952840075919902,2024-03-11,2023-04-09,0.0,0.0,2024-11-04,2023-04-09,-0.2374290043866023,0.0
ENB205KA2,2024-11-03,2023-04-16,0.0807965613775865,1.61593122755173,2024-03-11,2023-04-16,0.0,0.0,2024-11-04,2023-04-16,-0.2179277351736783,0.0
ENB205KA3,2024-11-03,2023-04-17,0.0835567125558807,1.671134251117614,2024-03-11,2023-04-17,0.0,0.0,2024-11-04,2023-04-17,-0.2153112201980076,0.0
ENB205KA4,2024-11-03,2023-04-18,0.0822966604486268,1.6459332089725367,2024-03-11,2023-04-18,0.0,0.0,2024-11-04,2023-04-18,-0.2154799735784291,0.0
ENB205KA5,2024-11-03,2023-04-22,0.5712447743606326,11.424895487212652,2024-03-11,2023-04-22,0.0,0.0,2024-11-04,2023-04-22,-0.0554701212007313,0.0
ENB205KA6,2024-11-03,2023-05-30,0.2326376726149193,4.652753452298386,2024-03-11,2023-05-30,0.0,0.0,2024-11-04,2023-05-30,-0.1000739799258991,0.0
ENB205KA7,2024-11-03,2023-07-19,0.3575810655553928,7.151621311107856,2024-03-11,2023-07-19,0.0,0.0,2024-11-04,2023-07-19,0.0215724975656956,0.4314499513139136
ENB205KA8,2024-11-03,2023-07-23,0.3440963082708372,6.881926165416745,2024-03-11,2023-07-23,0.0,0.0,2024-11-04,2023-07-23,0.0141432794131577,0.2828655882631548
ENB205KA9,2024-11-03,2023-07-24,0.3133976919860997,6.267953839721993,2024-03-11,2023-07-24,0.0,0.0,2024-11-04,2023-07-24,-0.0079054502915352,0.0
ENB205LANDL150361,2025-05-05,2028-11-28,5.307243905061935,100.0,2025-05-05,2028-11-28,5.750718686,100.0,2025-05-06,2028-11-28,4.953494044524316,99.06988089048632
ENB205Lnnan1,2025-05-05,2018-09-25,-3.069532432696157,-inf,2025-05-05,2018-09-25,0.0,,2025-05-06,2018-09-25,-3.8174205372255057,0.0
ENB205M1,2025-05-05,2025-02-05,1.21725067760934,17.389295394419143,2025-05-05,2025-02-05,0.150992471,2.157035299,2025-05-06,2025-02-05,1.3773588840355404,19.676555486222007
ENB205M41,2024-11-03,2023-03-24,0.0046925477913886,0.0938509558277722,2024-03-11,2023-03-24,0.0,0.0,2024-11-04,2023-03-24,-0.29727953229153,0.0
ENB205M42,2024-11-03,2023-03-24,-0.0346142015567449,-0.6922840311348999,2024-03-11,2023-03-24,0.0,0.0,2024-11-04,2023-03-24,-0.3068362286343,0.0
ENB205M43,2024-11-03,2023-04-25,0.0894472215238844,1.7889444304776885,2024-03-11,2023-04-25,0.0,0.0,2024-11-04,2023-04-25,-0.2004183616284973,0.0
ENB205MA1,2024-11-03,2023-04-30,0.1125996126410795,2.2519922528215908,2024-03-11,2023-04-30,0.0,0.0,2024-11-04,2023-04-30,-0.2015192927704885,0.0
ENB205MADL1,2025-05-05,2026-01-28,2.8869413331323965,41.24201904474853,2025-05-05,2026-01-28,0.0,0.0,2025-05-06,2026-01-28,2.448468570489833,34.97812243556904
ENB205MC1,2025-05-05,2028-01-12,4.33808223362153,43.3808223362153,2025-05-05,2028-01-12,3.832169747,38.32169747,2025-05-06,2028-01-12,4.052889895983437,40.52889895983437
ENB205MC2,2025-05-05,2028-03-05,4.458599812462402,44.58599812462401,2025-05-05,2028-03-05,3.832169747,38.32169747,2025-05-06,2028-03-05,4.183456655949751,41.83456655949751
ENB205MC201311,2024-11-03,2023-01-10,-0.0905441582278774,-1.8108831645575485,2024-03-11,2023-01-10,0.772347707,15.44695414,2024-11-04,2023-01-10,-0.6532409569393605,0.0
ENB205MC201312,2024-11-03,2023-08-08,1.0590437222403066,21.180874444806133,2024-03-11,2023-08-08,0.0,0.0,2024-11-04,2023-08-08,0.281062486008206,5.621249720164121
ENB205MCPPK1,2025-05-05,2028-01-12,4.350664067627217,43.50664067627217,2025-05-05,2028-01-12,0.737850787,7.378507871,2025-05-06,2028-01-12,4.516494152494172,45.16494152494172
ENB205MPwT1,2024-11-03,2023-10-26,1.235577172597039,24.71154345194078,2024-03-11,2023-10-26,0.0,0.0,2024-11-04,2023-10-26,0.4664018567506462,9.328037135012924
ENB205MPwT2,2024-11-03,2027-11-10,4.472407088213206,89.44814176426412,2024-03-11,2027-11-10,6.186858316,100.0,2024-11-04,2027-11-10,3.9530283266300574,79.06056653260116
ENB205NICL1,2024-11-03,2023-01-03,0.07534464255188,1.5068928510376,2024-03-11,2023-01-03,1.555099247,31.10198494,2024-11-04,2023-01-03,-0.3396561668399482,0.0
ENB205NICL2,2024-11-03,2023-03-03,0.2252696437935339,4.50539287587068,2024-03-11,2023-03-03,1.555099247,31.10198494,2024-11-04,2023-03-03,-0.1936983509134262,0.0
ENB205NICL3,2024-11-03,2023-03-03,-0.2862348980333173,-5.724697960666347,2024-03-11,2023-03-03,0.0,0.0,2024-11-04,2023-03-03,-0.3568547538510285,0.0
ENB205NICL4,2024-11-03,2023-03-13,-0.2612508302366771,-5.225016604733543,2024-03-11,2023-03-13,0.0,0.0,2024-11-04,2023-03-13,-0.3321582863485202,0.0
ENB205NICL5,2024-11-03,2023-03-13,-0.3017206422900624,-6.034412845801249,2024-03-11,2023-03-13,0.0,0.0,2024-11-04,2023-03-13,-0.363869251849199,0.0
ENB205NICL6,2024-11-03,2023-05-19,0.1144483643838745,2.2889672876774902,2024-03-11,2023-05-19,0.0,0.0,2024-11-04,2023-05-19,-0.1478517188719235,0.0
ENB205NICL7,2024-11-03,2023-05-19,0.1163142095190652,2.3262841903813047,2024-03-11,2023-05-19,0.0,0.0,2024-11-04,2023-05-19,-0.147283493823441,0.0
ENB205NICL8,2024-11-03,2023-06-05,0.7482868249060282,14.965736498120563,2024-03-11,2023-06-05,0.0,0.0,2024-11-04,2023-06-05,0.0768250631023437,1.5365012620468743
ENB205NM1,2025-05-05,2023-02-04,0.5884716886872301,11.769433773744602,2025-05-05,2023-02-04,0.250102669,5.002053388,2025-05-06,2023-02-04,-0.0739770528074115,0.0
ENB205NM2,2025-05-05,2023-02-09,-0.0938795330084065,-1.8775906601681316,2025-05-05,2023-02-09,0.507186858,10.14373717,2025-05-06,2023-02-09,-0.4592798474389821,0.0
ENB205NM3,2025-05-05,2023-02-09,0.5606402760469673,11.212805520939346,2025-05-05,2023-02-09,0.0,0.0,2025-05-06,2023-02-09,-0.0760213980596273,0.0
ENB205NM4,2025-05-05,2023-02-09,0.6029238904585608,12.058477809171215,2025-05-05,2023-02-09,0.250102669,5.002053388,2025-05-06,2023-02-09,-0.0634326256025343,0.0
ENB205NM5,2025-05-05,2023-03-26,0.717795085412452,14.35590170824904,2025-05-05,2023-03-26,0.250102669,5.002053388,2025-05-06,2023-03-26,0.0485724754486471,0.9714495089729436
ENB205OA1,2024-11-03,2028-05-23,4.670683839719382,46.70683839719382,2024-03-11,2028-05-23,3.91430527,39.1430527,2024-11-04,2028-05-23,4.278052435148904,42.78052435148904
ENB205PC1,2025-05-05,2038-03-14,12.94740832634876,64.7370416317438,2025-05-05,2038-03-14,14.18206708,70.91033539,2025-05-06,2038-03-14,12.806983135998646,64.03491567999323
ENB205PC10,2025-05-05,2038-11-15,13.500949573122591,67.50474786561296,2025-05-05,2038-11-15,14.56043806,72.80219028,2025-05-06,2038-11-15,13.399037915174317,66.99518957587158
ENB205PC11,2025-05-05,2039-02-15,13.69979357189498,68.49896785947489,2025-05-05,2039-02-15,14.81998631,74.09993155,2025-05-06,2039-02-15,13.614097020015516,68.07048510007758
ENB205PC12,2025-05-05,2039-02-28,13.654900550045554,68.27450275022777,2025-05-05,2039-02-28,14.73347023,73.66735113,2025-05-06,2039-02-28,13.58784652816544,67.9392326408272
ENB205PC13,2025-05-05,2039-03-09,13.75047732847581,68.75238664237905,2025-05-05,2039-03-09,14.9338809,74.66940452,2025-05-06,2039-03-09,13.667963462774107,68.33981731387053
ENB205PC14,2025-05-05,2039-04-11,13.820202812792576,69.10101406396288,2025-05-05,2039-04-11,14.9338809,74.66940452,2025-05-06,2039-04-11,13.743859595045844,68.71929797522922
ENB205PC15,2025-05-05,2039-05-11,13.884253429560426,69.42126714780213,2025-05-05,2039-05-11,14.9338809,74.66940452,2025-05-06,2039-05-11,13.813372890822986,69.06686445411493
ENB205PC16,2025-05-05,2039-06-11,13.952540601206438,69.76270300603218,2025-05-05,2039-06-11,15.04284736,75.21423682,2025-05-06,2039-06-11,13.886838942192892,69.43419471096446
ENB205PC17,2025-05-05,2039-10-30,14.26262578335576,71.3131289167788,2025-05-05,2039-10-30,15.64243669,78.21218344,2025-05-06,2039-10-30,14.22059252009208,71.1029626004604
ENB205PC18,2025-05-05,2040-02-21,14.503026112110616,72.51513056055308,2025-05-05,2040-02-21,15.64243669,78.21218344,2025-05-06,2040-02-21,14.482414120700607,72.41207060350303
ENB205PC19,2025-05-05,2040-02-21,14.509882813067437,72.54941406533717,2025-05-05,2040-02-21,15.64243669,78.21218344,2025-05-06,2040-02-21,14.487750721987734,72.43875360993867
ENB205PC2,2025-05-05,2038-05-22,13.11243640491886,65.56218202459429,2025-05-05,2038-05-22,14.18206708,70.91033539,2025-05-06,2038-05-22,12.980648538455764,64.90324269227882
ENB205PC20,2025-05-05,2040-02-24,14.516937925614153,72.58468962807076,2025-05-05,2040-02-24,15.64243669,78.21218344,2025-05-06,2040-02-24,14.49520802393968,72.4760401196984
ENB205PC21,2025-05-05,2043-09-21,17.368857226523858,86.84428613261929,2025-05-05,2043-09-21,15.40095825,77.00479124,2025-05-06,2043-09-21,17.570181441385696,87.85090720692847
ENB205PC22,2025-05-05,2043-09-21,17.368857226523858,86.84428613261929,2025-05-05,2043-09-21,15.40095825,77.00479124,2025-05-06,2043-09-21,17.570181441385696,87.85090720692847
ENB205PC23,2025-05-05,2043-09-21,17.374867970869122,86.8743398543456,2025-05-05,2043-09-21,15.40095825,77.00479124,2025-05-06,2043-09-21,17.57485963742661,87.87429818713305
ENB205PC24,2025-05-05,2043-09-21,17.374867970869122,86.8743398543456,2025-05-05,2043-09-21,15.40095825,77.00479124,2025-05-06,2043-09-21,17.57485963742661,87.87429818713305
ENB205PC3,2025-05-05,2038-05-23,13.102603365625884,65.51301682812942,2025-05-05,2038-05-23,14.18206708,70.91033539,2025-05-06,2038-05-23,12.973650952693472,64.86825476346736
ENB205PC4,2025-05-05,2038-07-06,13.194220115738563,65.97110057869283,2025-05-05,2038-07-06,14.18206708,70.91033539,2025-05-06,2038-07-06,13.073794694509754,65.36897347254877
ENB205PC5,2025-05-05,2038-08-11,13.285248402901932,66.42624201450967,2025-05-05,2038-08-11,14.18206708,70.91033539,2025-05-06,2038-08-11,13.168237343322884,65.8411867166144
ENB205PC6,2025-05-05,2038-08-11,13.285248402901932,66.42624201450967,2025-05-05,2038-08-11,14.18206708,70.91033539,2025-05-06,2038-08-11,13.168237343322884,65.8411867166144
ENB205PC7,2025-05-05,2038-09-17,13.294837224010012,66.47418612005006,2025-05-05,2038-09-17,14.32553046,71.62765229,2025-05-06,2038-09-17,13.200120104834834,66.00060052417417
ENB205PC8,2025-05-05,2038-09-22,13.380279959852254,66.90139979926127,2025-05-05,2038-09-22,14.27843943,71.39219713,2025-05-06,2038-09-22,13.269728006687412,66.34864003343705
ENB205PC9,2025-05-05,2038-10-14,13.35192177629552,66.75960888147759,2025-05-05,2038-10-14,14.55879535,72.79397673,2025-05-06,2038-10-14,13.262245365776518,66.3112268288826
ENB205PDPSDE301,2025-05-05,2032-12-06,8.469988720182215,84.69988720182215,2025-05-05,2032-12-06,9.111293634,91.11293634,2025-05-06,2032-12-06,8.332407840536373,83.32407840536374
ENB205PDPSDE3010,2025-05-05,2033-11-09,9.335583373179334,93.35583373179335,2025-05-05,2033-11-09,9.481451061,94.81451061,2025-05-06,2033-11-09,9.16753177869546,91.6753177869546
ENB205PDPSDE302,2025-05-05,2032-12-06,8.466151600073156,84.66151600073155,2025-05-05,2032-12-06,9.111293634,91.11293634,2025-05-06,2032-12-06,8.329578134240048,83.29578134240047
ENB205PDPSDE303,2025-05-05,2032-12-06,8.467430640109509,84.6743064010951,2025-05-05,2032-12-06,9.111293634,91.11293634,2025-05-06,2032-12-06,8.330521368837847,83.30521368837847
ENB205PDPSDE304,2025-05-05,2033-09-13,9.209506036553204,92.09506036553204,2025-05-05,2033-09-13,9.481451061,94.81451061,2025-05-06,2033-09-13,9.032046772024524,90.32046772024526
ENB205PDPSDE305,2025-05-05,2033-11-09,9.334915512696528,93.34915512696529,2025-05-05,2033-11-09,9.481451061,94.81451061,2025-05-06,2033-11-09,9.16701197485386,91.6701197485386
ENB205PDPSDE306,2025-05-05,2033-11-09,9.331576210282492,93.31576210282492,2025-05-05,2033-11-09,9.481451061,94.81451061,2025-05-06,2033-11-09,9.16441298026771,91.64412980267709
ENB205PDPSDE307,2025-05-05,2033-11-09,9.340926257041792,93.40926257041792,2025-05-05,2033-11-09,9.481451061,94.81451061,2025-05-06,2033-11-09,9.171690182478098,91.716901824781
ENB205PDPSDE308,2025-05-05,2033-11-09,9.335583373179334,93.35583373179335,2025-05-05,2033-11-09,9.481451061,94.81451061,2025-05-06,2033-11-09,9.16753177869546,91.6753177869546
ENB205PDPSDE309,2025-05-05,2033-11-09,9.328236907868456,93.28236907868455,2025-05-05,2033-11-09,9.481451061,94.81451061,2025-05-06,2033-11-09,9.161813976135502,91.61813976135502
ENB205PDTPK1,2025-05-05,2028-08-20,5.150188883355408,51.50188883355408,2025-05-05,2028-08-20,3.334154689,33.34154689,2025-05-06,2028-08-20,4.66015088407735,46.6015088407735
ENB205PEX4HL94,2024-11-03,2025-01-03,0.8435672300055606,12.050960428650866,2024-03-11,2025-01-03,0.664613279,9.494475408,2024-11-04,2025-01-03,1.991351890881244,28.44788415544634
ENB205PIBJBK32,2024-11-03,2025-01-03,1.1163211633231578,15.947445190330823,2024-03-11,2025-01-03,0.531690623,7.595580327,2024-11-04,2025-01-03,2.4797634148359537,35.425191640513624
ENB205PII1,2024-11-03,2028-06-28,5.033507835890951,50.33507835890951,2024-03-11,2028-06-28,4.105407255,41.05407255,2024-11-04,2028-06-28,4.438110301629106,44.38110301629106
ENB205PMETETEKD1,2025-05-05,2028-01-03,4.268007723900623,42.68007723900623,2025-05-05,2028-01-03,3.745653662,37.45653662,2025-05-06,2028-01-03,4.031327311307589,40.31327311307589
ENB205PMP1,2025-05-05,2023-03-04,-0.1438901253327564,-2.8778025066551294,2025-05-05,2023-03-04,0.0,0.0,2025-05-06,2023-03-04,-0.0948202560451574,0.0
ENB205PMP2,2025-05-05,2023-03-04,-0.13362144068084,-2.6724288136168006,2025-05-05,2023-03-04,0.0,0.0,2025-05-06,2023-03-04,0.078151776638744,1.5630355327748813
ENB205PMP3,2025-05-05,2023-03-09,-0.122793907238055,-2.455878144761101,2025-05-05,2023-03-09,0.0,0.0,2025-05-06,2023-03-09,0.0576043007983133,1.1520860159662671
ENB205PMP4,2025-05-05,2023-03-09,-0.1274300126011223,-2.548600252022446,2025-05-05,2023-03-09,0.0,0.0,2025-05-06,2023-03-09,-0.020489037260948,0.0
ENB205PMP5,2025-05-05,2023-03-09,-0.1293699055124957,-2.5873981102499144,2025-05-05,2023-03-09,0.0,0.0,2025-05-06,2023-03-09,-0.0531658288585714,0.0
ENB205PMP6,2025-05-05,2023-03-09,-0.1327946082355318,-2.655892164710636,2025-05-05,2023-03-09,0.0,0.0,2025-05-06,2023-03-09,-0.0848371825325995,0.0
ENB205PS1,2025-05-05,2028-02-11,4.550555233570075,45.50555233570076,2025-05-05,2028-02-11,3.832717317,38.32717317,2025-05-06,2028-02-11,4.168207749616752,41.68207749616752
ENB205PS2,2025-05-05,2028-02-11,4.517792647242415,45.17792647242416,2025-05-05,2028-02-11,3.832169747,38.32169747,2025-05-06,2028-02-11,4.1572592438984906,41.572592438984906
ENB205PS3,2025-05-05,2028-05-11,4.739498673731694,47.39498673731693,2025-05-05,2028-05-11,3.94770705,39.4770705,2025-05-06,2028-05-11,4.376993095394621,43.76993095394621
ENB205PS4,2025-05-05,2028-05-11,4.788683644762009,47.88683644762009,2025-05-05,2028-05-11,3.953182752,39.53182752,2025-05-06,2028-05-11,4.390988535605768,43.90988535605768
ENB205PSDL140371,2025-05-05,2023-02-05,-0.1792872510115826,-3.5857450202316525,2025-05-05,2023-02-05,0.0,0.0,2025-05-06,2023-02-05,-0.3107440053048305,0.0
ENB205PSXBS051,2025-05-05,2023-02-05,-0.1483017147047549,-2.966034294095099,2025-05-05,2023-02-05,0.0,0.0,2025-05-06,2023-02-05,-0.3015867848210729,0.0
ENB205PSXBS0510,2025-05-05,2023-02-09,-0.1353786744731042,-2.707573489462085,2025-05-05,2023-02-09,0.0,0.0,2025-05-06,2023-02-09,-0.2912818033858895,0.0
ENB205PSXBS0511,2025-05-05,2023-02-09,-0.1350861756541856,-2.7017235130837136,2025-05-05,2023-02-09,0.0,0.0,2025-05-06,2023-02-09,-0.2912606262164883,0.0
ENB205PSXBS0512,2025-05-05,2023-02-09,-0.1380822873676219,-2.761645747352439,2025-05-05,2023-02-09,0.0,0.0,2025-05-06,2023-02-09,-0.2919258641689777,0.0
ENB205PSXBS0513,2025-05-05,2023-03-09,-0.0821689425773595,-1.6433788515471903,2025-05-05,2023-03-09,0.0,0.0,2025-05-06,2023-03-09,-0.2266031624661519,0.0
ENB205PSXBS0514,2025-05-05,2023-03-09,-0.07008777083088,-1.4017554166176005,2025-05-05,2023-03-09,0.0,0.0,2025-05-06,2023-03-09,-0.2240815390744939,0.0
ENB205PSXBS0515,2025-05-05,2023-03-09,-0.0710316983728036,-1.420633967456073,2025-05-05,2023-03-09,0.0,0.0,2025-05-06,2023-03-09,-0.2242785405745491,0.0
ENB205PSXBS0516,2025-05-05,2023-03-09,-0.0726085802431297,-1.4521716048625954,2025-05-05,2023-03-09,0.0,0.0,2025-05-06,2023-03-09,-0.2246076811482891,0.0
ENB205PSXBS0517,2025-05-05,2023-04-04,-0.0050847805406508,-0.1016956108130173,2025-05-05,2023-04-04,0.0,0.0,2025-05-06,2023-04-04,-0.1600273450515925,0.0
ENB205PSXBS0518,2025-05-05,2023-04-04,-0.0030097911336248,-0.0601958226724974,2025-05-05,2023-04-04,0.0,0.0,2025-05-06,2023-04-04,-0.159594242859701,0.0
ENB205PSXBS0519,2025-05-05,2023-04-04,-0.004526129546452,-0.0905225909290408,2025-05-05,2023-04-04,0.0,0.0,2025-05-06,2023-04-04,-0.15991075318593,0.0
ENB205PSXBS052,2025-05-05,2023-02-05,-0.1480733007514612,-2.961466015029224,2025-05-05,2023-02-05,0.0,0.0,2025-05-06,2023-02-05,-0.301539113910938,0.0
ENB205PSXBS0520,2025-05-05,2023-04-04,-0.0037610804016861,-0.075221608033722,2025-05-05,2023-04-04,0.0,0.0,2025-05-06,2023-04-04,-0.1597510581399075,0.0
ENB205PSXBS0521,2025-05-05,2023-04-10,-0.1110615615301497,-2.221231230602996,2025-05-05,2023-04-10,0.0,0.0,2025-05-06,2023-04-10,-0.1704965896118193,0.0
ENB205PSXBS0522,2025-05-05,2023-04-14,0.0164423182387274,0.3288463647745487,2025-05-05,2023-04-14,0.0,0.0,2025-05-06,2023-04-14,-0.1361162565793603,0.0
ENB205PSXBS0523,2025-05-05,2023-04-14,0.0165799170057709,0.3315983401154199,2025-05-05,2023-04-14,0.0,0.0,2025-05-06,2023-04-14,-0.1360875401790946,0.0
ENB205PSXBS0524,2025-05-05,2023-04-14,0.0126638781745143,0.2532775634902862,2025-05-05,2023-04-14,0.0,0.0,2025-05-06,2023-04-14,-0.1371840543491527,0.0
ENB205PSXBS0525,2025-05-05,2023-04-14,0.0047177522556145,0.0943550451122909,2025-05-05,2023-04-14,0.0,0.0,2025-05-06,2023-04-14,-0.1389223727950121,0.0
ENB205PSXBS0526,2025-05-05,2023-04-14,0.0176713001851531,0.3534260037030634,2025-05-05,2023-04-14,0.0,0.0,2025-05-06,2023-04-14,-0.1362186334648396,0.0
ENB205PSXBS0527,2025-05-05,2023-04-18,0.0260315653016185,0.5206313060323708,2025-05-05,2023-04-18,0.0,0.0,2025-05-06,2023-04-18,-0.1268660113767947,0.0
ENB205PSXBS0528,2025-05-05,2023-04-18,0.0226737717087575,0.4534754341751501,2025-05-05,2023-04-18,0.0,0.0,2025-05-06,2023-04-18,-0.127686497280909,0.0
ENB205PSXBS0529,2025-05-05,2023-04-25,0.0399853255596074,0.7997065111921488,2025-05-05,2023-04-25,0.0,0.0,2025-05-06,2023-04-25,-0.1104806493297911,0.0
ENB205PSXBS053,2025-05-05,2023-02-05,-0.1448876864164869,-2.8977537283297394,2025-05-05,2023-02-05,0.0,0.0,2025-05-06,2023-02-05,-0.3009539458347245,0.0
ENB205PSXBS0530,2025-05-05,2023-04-25,0.0428253641113993,0.8565072822279872,2025-05-05,2023-04-25,0.0,0.0,2025-05-06,2023-04-25,-0.1098878698452137,0.0
ENB205PSXBS054,2025-05-05,2023-02-05,-0.1443557657429108,-2.8871153148582174,2025-05-05,2023-02-05,0.0,0.0,2025-05-06,2023-02-05,-0.3008828060613706,0.0
ENB205PSXBS055,2025-05-05,2023-02-05,-0.164258051408181,-3.285161028163621,2025-05-05,2023-02-05,0.0,0.0,2025-05-06,2023-02-05,-0.3050369046307861,0.0
ENB205PSXBS056,2025-05-05,2023-02-05,-0.1448346094522241,-2.896692189044483,2025-05-05,2023-02-05,0.0,0.0,2025-05-06,2023-02-05,-0.3009827468689292,0.0
ENB205PSXBS057,2025-05-05,2023-02-05,-0.1448373614275651,-2.896747228551302,2025-05-05,2023-02-05,0.0,0.0,2025-05-06,2023-02-05,-0.3009833210875041,0.0
ENB205PSXBS058,2025-05-05,2023-02-05,-0.1528373537435143,-3.0567470748702874,2025-05-05,2023-02-05,0.0,0.0,2025-05-06,2023-02-05,-0.3026531168637558,0.0
ENB205PSXBS059,2025-05-05,2023-02-05,-0.1516319885442065,-3.0326397708841317,2025-05-05,2023-02-05,0.0,0.0,2025-05-06,2023-02-05,-0.302401541607058,0.0
ENB205PaMRJER1,2024-11-03,2025-01-03,0.8287069408023822,11.838670582891174,2024-03-11,2025-01-03,0.664613279,9.494475408,2024-11-04,2025-01-03,1.952629332963308,27.894704756618687
ENB205PaMRJL83,2024-11-03,2025-01-03,1.213113691400614,17.33019559143734,2024-03-11,2025-01-03,0.531690623,7.595580327,2024-11-04,2025-01-03,2.652225294071879,37.88893277245541
ENB205RA1,2024-11-03,2023-01-10,0.3487383733496427,6.974767466992855,2024-03-11,2023-01-10,0.0,0.0,2024-11-04,2023-01-10,-0.2582598674256116,0.0
ENB205RA2,2024-11-03,2023-03-09,0.4961574156906092,9.923148313812185,2024-03-11,2023-03-09,0.0,0.0,2024-11-04,2023-03-09,-0.1154651289019494,0.0
ENB205RC1,2025-05-05,2028-01-12,3.7542351259399176,37.542351259399176,2025-05-05,2028-01-12,1.537577002,15.37577002,2025-05-06,2028-01-12,4.004634263410164,40.04634263410164
ENB205RC2,2025-05-05,2028-02-12,3.972164739774344,39.72164739774344,2025-05-05,2028-02-12,2.523340178,25.23340178,2025-05-06,2028-02-12,4.494997931187438,44.94997931187438
ENB205RDLJAC051,2025-05-05,2023-10-22,1.0277099087794008,20.554198175588017,2025-05-05,2023-10-22,0.0,0.0,2025-05-06,2023-10-22,0.491151881296584,9.82303762593168
ENB205RP4Model1,2025-05-05,2025-03-10,1.5869944249447403,22.67134892778201,2025-05-05,2025-03-10,0.460780287,6.582575535,2025-05-06,2025-03-10,1.486203613234149,21.23148018905927
ENB205RP4Model10,2025-05-05,2026-03-19,2.5295267053943,36.136095791347145,2025-05-05,2026-03-19,1.78384668,25.48352401,2025-05-06,2026-03-19,2.401669155524043,34.30955936462919
ENB205RP4Model11,2025-05-05,2027-03-11,3.4662560670859808,49.51794381551401,2025-05-05,2027-03-11,2.259685147,32.28121639,2025-05-06,2027-03-11,3.3005525661953032,47.15075094564719
ENB205RP4Model12,2025-05-05,2027-03-11,3.4662560670859808,49.51794381551401,2025-05-05,2027-03-11,2.259685147,32.28121639,2025-05-06,2027-03-11,3.3005525661953032,47.15075094564719
ENB205RP4Model13,2025-05-05,2030-02-08,6.185759587120526,88.3679941017218,2025-05-05,2030-02-08,5.985352498,85.50503569,2025-05-06,2030-02-08,5.934037781387499,84.7719683055357
ENB205RP4Model14,2025-05-05,2030-05-17,6.43784179999217,91.96916857131671,2025-05-05,2030-05-17,6.041752225,86.31074606,2025-05-06,2030-05-17,6.177540351878317,88.25057645540453
ENB205RP4Model15,2025-05-05,2030-05-22,6.4504021238446825,92.14860176920976,2025-05-05,2030-05-22,6.044490075,86.34985822,2025-05-06,2030-05-22,6.189786394833984,88.42551992619977
ENB205RP4Model16,2025-05-05,2030-05-22,6.4504021238446825,92.14860176920976,2025-05-05,2030-05-22,6.044490075,86.34985822,2025-05-06,2030-05-22,6.189786394833984,88.42551992619977
ENB205RP4Model17,2025-05-05,2030-05-22,6.4504021238446825,92.14860176920976,2025-05-05,2030-05-22,6.044490075,86.34985822,2025-05-06,2030-05-22,6.189786394833984,88.42551992619977
ENB205RP4Model18,2025-05-05,2030-05-22,6.4504021238446825,92.14860176920976,2025-05-05,2030-05-22,6.044490075,86.34985822,2025-05-06,2030-05-22,6.189786394833984,88.42551992619977
ENB205RP4Model19,2025-05-05,2030-05-22,6.4504021238446825,92.14860176920976,2025-05-05,2030-05-22,6.044490075,86.34985822,2025-05-06,2030-05-22,6.189786394833984,88.42551992619977
ENB205RP4Model2,2025-05-05,2025-10-20,2.1618258745497285,30.883226779281834,2025-05-05,2025-10-20,1.208487337,17.26410482,2025-05-06,2025-10-20,2.0418496831058763,29.169281187226805
ENB205RP4Model20,2025-05-05,2030-05-22,6.4504021238446825,92.14860176920976,2025-05-05,2030-05-22,6.044490075,86.34985822,2025-05-06,2030-05-22,6.189786394833984,88.42551992619977
ENB205RP4Model21,2025-05-05,2030-05-22,6.4504021238446825,92.14860176920976,2025-05-05,2030-05-22,6.044490075,86.34985822,2025-05-06,2030-05-22,6.189786394833984,88.42551992619977
ENB205RP4Model22,2025-05-05,2030-05-22,6.450623923294397,92.15177033277708,2025-05-05,2030-05-22,6.044490075,86.34985822,2025-05-06,2030-05-22,6.189917228891911,88.42738898417016
ENB205RP4Model23,2025-05-05,2030-05-23,6.451184152907416,92.1597736129631,2025-05-05,2030-05-23,6.047227926,86.38897037,2025-05-06,2030-05-23,6.191215136388248,88.44593051983212
ENB205RP4Model24,2025-05-05,2030-05-23,6.451184152907416,92.1597736129631,2025-05-05,2030-05-23,6.047227926,86.38897037,2025-05-06,2030-05-23,6.191215136388248,88.44593051983212
ENB205RP4Model25,2025-05-05,2030-05-23,6.449853356209132,92.14076223155902,2025-05-05,2030-05-23,6.047227926,86.38897037,2025-05-06,2030-05-23,6.1904301829723885,88.43471689960555
ENB205RP4Model26,2025-05-05,2030-05-23,6.449853356209132,92.14076223155902,2025-05-05,2030-05-23,6.047227926,86.38897037,2025-05-06,2030-05-23,6.1904301829723885,88.43471689960555
ENB205RP4Model27,2025-05-05,2030-05-23,6.449853356209132,92.14076223155902,2025-05-05,2030-05-23,6.047227926,86.38897037,2025-05-06,2030-05-23,6.1904301829723885,88.43471689960555
ENB205RP4Model28,2025-05-05,2030-05-23,6.449853356209132,92.14076223155902,2025-05-05,2030-05-23,6.047227926,86.38897037,2025-05-06,2030-05-23,6.1904301829723885,88.43471689960555
ENB205RP4Model3,2025-05-05,2026-03-16,2.46256676126136,35.17952516087657,2025-05-05,2026-03-16,1.864339493,26.63342134,2025-05-06,2026-03-16,2.365947854772141,33.79925506817344
ENB205RP4Model4,2025-05-05,2026-03-16,2.455594111667188,35.07991588095983,2025-05-05,2026-03-16,1.864339493,26.63342134,2025-05-06,2026-03-16,2.3640543209709466,33.772204585299235
ENB205RP4Model5,2025-05-05,2026-03-16,2.4481608675879847,34.97372667982835,2025-05-05,2026-03-16,1.864339493,26.63342134,2025-05-06,2026-03-16,2.35077309591875,33.582472798839284
ENB205RP4Model6,2025-05-05,2026-03-19,2.5295267053943,36.136095791347145,2025-05-05,2026-03-19,1.78384668,25.48352401,2025-05-06,2026-03-19,2.401669155524043,34.30955936462919
ENB205RP4Model7,2025-05-05,2026-03-19,2.5295267053943,36.136095791347145,2025-05-05,2026-03-19,1.78384668,25.48352401,2025-05-06,2026-03-19,2.401669155524043,34.30955936462919
ENB205RP4Model8,2025-05-05,2026-03-19,2.5295267053943,36.136095791347145,2025-05-05,2026-03-19,1.78384668,25.48352401,2025-05-06,2026-03-19,2.401669155524043,34.30955936462919
ENB205RP4Model9,2025-05-05,2026-03-19,2.5295267053943,36.136095791347145,2025-05-05,2026-03-19,1.78384668,25.48352401,2025-05-06,2026-03-19,2.401669155524043,34.30955936462919
ENB205RnFC2083,2025-05-05,2024-04-15,1.6156346677951017,32.31269335590203,2025-05-05,2024-04-15,0.0,0.0,2025-05-06,2024-04-15,0.9739635534439476,19.47927106887895
ENB205RnFC2084,2025-05-05,2025-03-13,2.3438540287939755,46.87708057587951,2025-05-05,2025-03-13,0.353045859,7.06091718,2025-05-06,2025-03-13,1.7589919761609525,35.179839523219044
ENB205RnFTX102,2025-05-05,2023-10-28,1.0142913732580654,20.285827465161308,2025-05-05,2023-10-28,0.0,0.0,2025-05-06,2023-10-28,0.4847970603820175,9.69594120764035
ENB205SATA04341,2024-11-03,2028-03-09,4.118705415260532,41.18705415260532,2024-03-11,2028-03-09,3.894045175,38.94045175,2024-11-04,2028-03-09,3.977270349403309,39.77270349403309
ENB205SATA04342,2024-11-03,2028-03-09,4.119283643814844,41.19283643814845,2024-03-11,2028-03-09,3.894045175,38.94045175,2024-11-04,2028-03-09,3.977167333252193,39.77167333252193
ENB205SATA04343,2024-11-03,2028-03-09,4.119772784830266,41.197727848302655,2024-03-11,2028-03-09,3.894045175,38.94045175,2024-11-04,2028-03-09,3.977080220481777,39.77080220481778
ENB205SATA04344,2024-11-03,2028-04-25,4.2398894450350335,42.39889445035033,2024-03-11,2028-04-25,3.894045175,38.94045175,2024-11-04,2028-04-25,4.093429116890231,40.93429116890231
ENB205SATA04345,2024-11-03,2028-04-25,4.239272555850636,42.39272555850636,2024-03-11,2028-04-25,3.894045175,38.94045175,2024-11-04,2028-04-25,4.093538987109834,40.93538987109834
ENB205SATA04346,2024-11-03,2028-04-25,4.239114551536376,42.39114551536377,2024-03-11,2028-04-25,3.894045175,38.94045175,2024-11-04,2028-04-25,4.093567167417543,40.93567167417543
ENB205SC1,2025-05-05,2028-03-20,3.788682179554176,37.88682179554176,2025-05-05,2028-03-20,3.173716632,31.73716632,2025-05-06,2028-03-20,4.034687963672379,40.34687963672379
ENB205SLMDI1,2025-05-05,2028-06-10,4.744567874386648,47.44567874386648,2025-05-05,2028-06-10,4.304175222,43.04175222,2025-05-06,2028-06-10,4.421839195195982,44.21839195195982
ENB205SMWL1,2024-11-03,2023-03-05,0.0098297337426691,0.196594674853383,2024-03-11,2023-03-05,0.0,0.0,2024-11-04,2023-03-05,-0.3054689766052871,0.0
ENB205UC1,2025-05-05,2023-02-04,-0.0889589574035056,-1.7791791480701136,2025-05-05,2023-02-04,0.0,0.0,2025-05-06,2023-02-04,-0.2915953392424382,0.0
ENB205UC10,2025-05-05,2023-05-12,0.1606333706426062,3.212667412852124,2025-05-05,2023-05-12,0.0,0.0,2025-05-06,2023-05-12,-0.0505289062187768,0.0
ENB205UC11,2025-05-05,2023-06-04,0.2164516318916911,4.329032637833823,2025-05-05,2023-06-04,0.0,0.0,2025-05-06,2023-06-04,0.0046472675836883,0.0929453516737677
ENB205UC12,2025-05-05,2023-06-12,-0.0838411550561977,-1.6768231011239545,2025-05-05,2023-06-12,1.657494867,33.14989733,2025-05-06,2023-06-12,-0.1647408169722877,0.0
ENB205UC13,2025-05-05,2023-07-09,0.3030578887909767,6.061157775819535,2025-05-05,2023-07-09,0.0,0.0,2025-05-06,2023-07-09,0.0895933322114177,1.791866644228355
ENB205UC14,2025-05-05,2023-07-09,0.3128836044133081,6.257672088266161,2025-05-05,2023-07-09,0.0,0.0,2025-05-06,2023-07-09,0.0953890520119347,1.907781040238694
ENB205UC15,2025-05-05,2023-07-16,0.3303719447119495,6.60743889423899,2025-05-05,2023-07-16,0.0,0.0,2025-05-06,2023-07-16,0.1124768298556335,2.2495365971126717
ENB205UC16,2025-05-05,2023-07-17,0.334222199495727,6.684443989914541,2025-05-05,2023-07-17,0.0,0.0,2025-05-06,2023-07-17,0.1157153760520048,2.3143075210400976
ENB205UC17,2025-05-05,2023-07-20,0.3116839163181915,6.23367832636383,2025-05-05,2023-07-20,0.0,0.0,2025-05-06,2023-07-20,0.1137543533201568,2.2750870664031364
ENB205UC18,2025-05-05,2023-08-30,0.4151665306981669,8.303330613963338,2025-05-05,2023-08-30,0.0,0.0,2025-05-06,2023-08-30,0.2144597544771858,4.289195089543716
ENB205UC19,2025-05-05,2023-09-10,0.4452833970104923,8.905667940209847,2025-05-05,2023-09-10,0.0,0.0,2025-05-06,2023-09-10,0.2428663345141575,4.85732669028315
ENB205UC2,2025-05-05,2023-03-10,0.0004806014633853,0.0096120292677071,2025-05-05,2023-03-10,0.0,0.0,2025-05-06,2023-03-10,-0.2059454963803983,0.0
ENB205UC20,2025-05-05,2023-09-19,0.4673522679507114,9.347045359014228,2025-05-05,2023-09-19,0.0,0.0,2025-05-06,2023-09-19,0.2645908833452739,5.291817666905478
ENB205UC21,2025-05-05,2023-09-22,0.4551557045526619,9.10311409105324,2025-05-05,2023-09-22,0.0,0.0,2025-05-06,2023-09-22,0.2602991294203565,5.20598258840713
ENB205UC22,2025-05-05,2023-09-22,0.4439510151851804,8.879020303703609,2025-05-05,2023-09-22,0.0,0.0,2025-05-06,2023-09-22,0.2395444815134868,4.790889630269737
ENB205UC23,2025-05-05,2023-09-24,0.5140407089353416,10.280814178706832,2025-05-05,2023-09-24,0.0,0.0,2025-05-06,2023-09-24,0.2863297112141043,5.726594224282087
ENB205UC24,2025-05-05,2023-09-25,0.5038038155940896,10.076076311881792,2025-05-05,2023-09-25,0.0,0.0,2025-05-06,2023-09-25,0.2805682685663231,5.611365371326462
ENB205UC25,2025-05-05,2023-09-25,0.507825405307607,10.15650810615214,2025-05-05,2023-09-25,0.0,0.0,2025-05-06,2023-09-25,0.2831575267570332,5.663150535140664
ENB205UC26,2025-05-05,2023-10-12,0.5469327593379423,10.938655186758846,2025-05-05,2023-10-12,0.0,0.0,2025-05-06,2023-10-12,0.3224370005279087,6.448740010558174
ENB205UC27,2025-05-05,2023-10-15,0.5691438685877221,11.382877371754445,2025-05-05,2023-10-15,0.0,0.0,2025-05-06,2023-10-15,0.3392257024039753,6.784514048079507
ENB205UC28,2025-05-05,2023-10-16,0.5749933341005402,11.499866682010804,2025-05-05,2023-10-16,0.0,0.0,2025-05-06,2023-10-16,0.3438212640554883,6.876425281109766
ENB205UC29,2025-05-05,2023-10-16,0.57067061085775,11.413412217155,2025-05-05,2023-10-16,0.0,0.0,2025-05-06,2023-10-16,0.3410381146910839,6.820762293821677
ENB205UC3,2025-05-05,2023-03-26,0.0445329482164504,0.8906589643290098,2025-05-05,2023-03-26,0.0,0.0,2025-05-06,2023-03-26,-0.1644817355466767,0.0
ENB205UC30,2025-05-05,2023-10-16,0.5597715198950288,11.195430397900576,2025-05-05,2023-10-16,0.0,0.0,2025-05-06,2023-10-16,0.3340208910609834,6.6804178212196685
ENB205UC4,2025-05-05,2023-03-27,0.0462908948579245,0.925817897158492,2025-05-05,2023-03-27,0.0,0.0,2025-05-06,2023-03-27,-0.162477346244803,0.0
ENB205UC5,2025-05-05,2023-04-27,0.1176218189769402,2.352436379538805,2025-05-05,2023-04-27,0.0,0.0,2025-05-06,2023-04-27,-0.0904112876072287,0.0
ENB205UC6,2025-05-05,2023-04-27,0.1238913500888565,2.477827001777131,2025-05-05,2023-04-27,0.0,0.0,2025-05-06,2023-04-27,-0.0867131986800342,0.0
ENB205UC7,2025-05-05,2023-04-27,0.1241353294835421,2.4827065896708422,2025-05-05,2023-04-27,0.0,0.0,2025-05-06,2023-04-27,-0.086569283265224,0.0
ENB205UC8,2025-05-05,2023-05-11,0.1609085856235097,3.2181717124701947,2025-05-05,2023-05-11,0.0,0.0,2025-05-06,2023-05-11,-0.0513340342934935,0.0
ENB205UC9,2025-05-05,2023-05-12,0.1649288866520679,3.2985777330413595,2025-05-05,2023-05-12,0.0,0.0,2025-05-06,2023-05-12,-0.0479951832588523,0.0
ENB205UCC1,2025-05-05,2029-02-21,5.4175255100815605,54.1752551008156,2025-05-05,2029-02-21,4.637645448,46.37645448,2025-05-06,2029-02-21,5.06085881021286,50.60858810212861
ENB205UCC2,2025-05-05,2029-02-21,5.421821948733404,54.21821948733404,2025-05-05,2029-02-21,4.637645448,46.37645448,2025-05-06,2029-02-21,5.061346366428236,50.61346366428236
ENB205UCC3,2025-05-05,2030-03-13,6.394094413238165,63.94094413238165,2025-05-05,2030-03-13,5.612320329,56.12320329,2025-05-06,2030-03-13,6.002528134625802,60.02528134625802
ENB205UICLN1,2024-11-03,2033-10-09,9.181238199048153,91.81238199048153,2024-03-11,2033-10-09,6.186858316,61.86858316,2024-11-04,2033-10-09,8.980825584768947,89.80825584768948
ENB205UICLN2,2024-11-03,2033-10-28,9.216563158132487,92.16563158132487,2024-03-11,2033-10-28,6.186858316,61.86858316,2024-11-04,2033-10-28,9.023657094172131,90.23657094172133
ENB205UICLN3,2024-11-03,2033-10-28,9.217124525632109,92.17124525632109,2024-03-11,2033-10-28,6.186858316,61.86858316,2024-11-04,2033-10-28,9.02318781405634,90.2318781405634
ENB205UasDL110561,2024-11-03,2023-10-20,1.1206297504595009,22.412595009190017,2024-03-11,2023-10-20,0.0,0.0,2024-11-04,2023-10-20,0.4224935419712454,8.449870839424909
ENB205VN1,2025-05-05,2023-08-20,0.788892905218503,15.77785810437006,2025-05-05,2023-08-20,0.0,0.0,2025-05-06,2023-08-20,0.716423184037605,14.3284636807521
ENB205WSTPK1,2025-05-05,2023-04-23,-0.0224682988824929,-0.4493659776498582,2025-05-05,2023-04-23,0.0,0.0,2025-05-06,2023-04-23,0.227104079219909,4.542081584398181
ER201B1,2025-05-05,2018-04-10,-3.615647806389598,-inf,2025-05-05,2018-04-10,0.0,,2025-05-06,2018-04-10,-3.93801418236976,0.0
ER201B2,2025-05-05,2018-04-10,-3.619511019058139,-inf,2025-05-05,2018-04-10,0.0,,2025-05-06,2018-04-10,-4.003088520016124,0.0
ER201B3,2025-05-05,2018-04-10,-3.62870651380003,-inf,2025-05-05,2018-04-10,0.0,,2025-05-06,2018-04-10,-4.157983024712255,0.0
ER201B4,2025-05-05,2018-04-10,-3.635841803859967,-inf,2025-05-05,2018-04-10,0.0,,2025-05-06,2018-04-10,-4.241683866004994,0.0
ER201B5,2025-05-05,2018-04-10,-3.63643218339089,-inf,2025-05-05,2018-04-10,0.0,,2025-05-06,2018-04-10,-4.251628575954189,0.0
ER201B6,2025-05-05,2018-04-10,-3.635725166378487,-inf,2025-05-05,2018-04-10,0.0,,2025-05-06,2018-04-10,-4.2397190640825535,0.0
ER201B7,2025-05-05,2018-04-10,-3.622133407957966,-inf,2025-05-05,2018-04-10,0.0,,2025-05-06,2018-04-10,-4.01077121413832,0.0
ER201B8,2025-05-05,2018-04-10,-3.6253824199738247,-inf,2025-05-05,2018-04-10,0.0,,2025-05-06,2018-04-10,-4.0084904768649245,0.0
ER201C1,2025-05-05,2018-11-26,-2.7665009027497254,-inf,2025-05-05,2018-11-26,0.0,,2025-05-06,2018-11-26,-3.619645610093674,0.0
ER201C2,2025-05-05,2019-11-02,-2.017701788349515,-inf,2025-05-05,2019-11-02,0.0,,2025-05-06,2019-11-02,-2.81335679033359,0.0
ER201CAC1,2025-05-05,2018-12-11,-2.7329172532392496,-inf,2025-05-05,2018-12-11,0.0,,2025-05-06,2018-12-11,-3.583676213971874,0.0
ER201CAC2,2025-05-05,2018-12-11,-2.7329172532392496,-inf,2025-05-05,2018-12-11,0.0,,2025-05-06,2018-12-11,-3.583676213971874,0.0
ER201CAC3,2025-05-05,2018-12-11,-2.7329172532392496,-inf,2025-05-05,2018-12-11,0.0,,2025-05-06,2018-12-11,-3.583676213971874,0.0
ER201ED1,2025-05-05,2018-05-12,-3.432686504857672,-inf,2025-05-05,2018-05-12,0.0,,2025-05-06,2018-05-12,-4.160492754183313,0.0
ER201ED2,2025-05-05,2018-05-12,-3.432146792863368,-inf,2025-05-05,2018-05-12,0.0,,2025-05-06,2018-05-12,-4.1601743573467935,0.0
ER201ED3,2025-05-05,2018-07-12,-3.266084071722718,-inf,2025-05-05,2018-07-12,0.0,,2025-05-06,2018-07-12,-4.0028053043555225,0.0
ER201ED4,2025-05-05,2018-07-12,-3.3562955697254537,-inf,2025-05-05,2018-07-12,0.0,,2025-05-06,2018-07-12,-4.048890457596233,0.0
ER201ED5,2025-05-05,2018-11-16,-2.9679976975810374,-inf,2025-05-05,2018-11-16,0.0,,2025-05-06,2018-11-16,-3.696683472595713,0.0
ER201ED6,2025-05-05,2018-11-16,-2.936293673568468,-inf,2025-05-05,2018-11-16,0.0,,2025-05-06,2018-11-16,-3.688055165685317,0.0
ER201EF1,2025-05-05,2028-10-16,5.283612685292416,52.83612685292416,2025-05-05,2028-10-16,2.601232033,26.01232033,2025-05-06,2028-10-16,4.801353716649512,48.01353716649512
ER201EF2,2025-05-05,2029-11-13,6.084533600780793,60.84533600780793,2025-05-05,2029-11-13,5.612320329,56.12320329,2025-05-06,2029-11-13,5.682460342891911,56.824603428919104
ER201EF3,2025-05-05,2029-11-13,6.146166644333189,61.461666443331886,2025-05-05,2029-11-13,5.612320329,56.12320329,2025-05-06,2029-11-13,5.730260027464876,57.30260027464876
ER201EF4,2025-05-05,2030-02-01,6.312961126150613,63.129611261506135,2025-05-05,2030-02-01,5.612320329,56.12320329,2025-05-06,2030-02-01,5.912509828232626,59.12509828232626
ER201FF1,2025-05-05,2023-10-16,1.2217070044151963,24.43414008830393,2025-05-05,2023-10-16,0.0,0.0,2025-05-06,2023-10-16,0.5487384753156692,10.974769506313384
ER201FF2,2025-05-05,2023-10-16,1.2217070044151963,24.43414008830393,2025-05-05,2023-10-16,0.0,0.0,2025-05-06,2023-10-16,0.5487384753156692,10.974769506313384
ER201FF3,2025-05-05,2024-02-10,1.4770877234460782,29.541754468921567,2025-05-05,2024-02-10,0.0,0.0,2025-05-06,2024-02-10,0.8241855966713518,16.48371193342704
ER201FF4,2025-05-05,2024-02-10,1.47753296376795,29.550659275359,2025-05-05,2024-02-10,0.0,0.0,2025-05-06,2024-02-10,0.8245320561196894,16.490641122393786
ER201GC1,2025-05-05,2023-05-12,0.6427173487471038,12.854346974942075,2025-05-05,2023-05-12,0.0,0.0,2025-05-06,2023-05-12,0.749760290500173,14.995205810003458
ER201GC2,2025-05-05,2023-07-10,0.7302535160481645,14.60507032096329,2025-05-05,2023-07-10,0.0,0.0,2025-05-06,2023-07-10,0.618482428029576,12.36964856059152
ER201GF1,2025-05-05,2018-05-12,-3.450152968017304,-inf,2025-05-05,2018-05-12,0.0,,2025-05-06,2018-05-12,-4.157368402570089,0.0
ER201GF2,2025-05-05,2018-07-11,-3.324389064887031,-inf,2025-05-05,2018-07-11,0.0,,2025-05-06,2018-07-11,-4.014611228011152,0.0
ER201GF3,2025-05-05,2018-07-11,-3.324540423530779,-inf,2025-05-05,2018-07-11,0.0,,2025-05-06,2018-07-11,-4.014642741173109,0.0
ER201GF4,2025-05-05,2018-07-11,-3.3437650967181893,-inf,2025-05-05,2018-07-11,0.0,,2025-05-06,2018-07-11,-4.0216064356412495,0.0
ER201IS1,2024-11-03,2023-05-12,0.8087215424970915,16.174430849941828,2024-03-11,2023-05-12,0.0,0.0,2024-11-04,2023-05-12,0.0542750152614206,1.085500305228413
ER201IS2,2024-11-03,2023-05-12,0.7412653265559901,14.825306531119804,2024-03-11,2023-05-12,0.0,0.0,2024-11-04,2023-05-12,0.0325263355713576,0.6505267114271529
ER201IS3,2024-11-03,2023-05-12,0.7412653265559901,14.825306531119804,2024-03-11,2023-05-12,0.0,0.0,2024-11-04,2023-05-12,0.0325263355713576,0.6505267114271529
ER201IS4,2024-11-03,2023-05-13,0.7402404391146469,14.80480878229294,2024-03-11,2023-05-13,0.0,0.0,2024-11-04,2023-05-13,0.0323606942635268,0.6472138852705367
ER201IS5,2024-11-03,2023-10-16,1.2116890971730898,24.2337819434618,2024-03-11,2023-10-16,0.0,0.0,2024-11-04,2023-10-16,0.4412555930990964,8.825111861981929
ER201IS6,2024-11-03,2023-10-16,1.2116890971730898,24.2337819434618,2024-03-11,2023-10-16,0.0,0.0,2024-11-04,2023-10-16,0.4412555930990964,8.825111861981929
ER201MS1,2024-11-03,2028-02-28,4.540504708484162,45.40504708484162,2024-03-11,2028-02-28,2.338945927,23.38945927,2024-11-04,2028-02-28,4.667618365850696,46.67618365850696
ER201P1,2024-11-03,2029-04-03,5.654488076770552,56.54488076770552,2024-03-11,2029-04-03,4.980424367,49.80424367,2024-11-04,2029-04-03,5.10385689314867,51.03856893148671
ER201S1,2025-05-05,2018-10-26,-3.08326922660023,-inf,2025-05-05,2018-10-26,0.0,,2025-05-06,2018-10-26,-3.74451896233072,0.0
ER201SB1,2024-11-03,2028-03-23,4.783388072631128,47.833880726311286,2024-03-11,2028-03-23,4.105407255,41.05407255,2024-11-04,2028-03-23,4.189145800549934,41.89145800549934
ER201SB2,2024-11-03,2028-05-12,4.940371418482248,49.40371418482248,2024-03-11,2028-05-12,4.105407255,41.05407255,2024-11-04,2028-05-12,4.334420300446848,43.34420300446848
ER201SB3,2024-11-03,2028-05-12,4.944834725352819,49.44834725352819,2024-03-11,2028-05-12,4.105407255,41.05407255,2024-11-04,2028-05-12,4.335095719792346,43.35095719792346
ER201TTH1,2025-05-05,2028-11-15,5.211654619131252,52.11654619131252,2025-05-05,2028-11-15,4.637645448,46.37645448,2025-05-06,2028-11-15,4.832206350177923,48.32206350177923
ER201TTH2,2025-05-05,2028-11-15,5.211817600345531,52.11817600345532,2025-05-05,2028-11-15,4.637645448,46.37645448,2025-05-06,2028-11-15,4.832319344286272,48.32319344286272
ER201TTH3,2025-05-05,2028-11-16,5.213396137720302,52.13396137720302,2025-05-05,2028-11-16,4.637645448,46.37645448,2025-05-06,2028-11-16,4.834117272761116,48.34117272761116
ER201TTR1,2025-05-05,2038-11-14,13.333245832070984,66.66622916035492,2025-05-05,2038-11-14,14.59931554,72.99657769,2025-05-06,2038-11-14,13.336931498613604,66.68465749306802
ER201TTR2,2025-05-05,2038-11-15,13.267772456636228,66.33886228318113,2025-05-05,2038-11-15,14.59438741,72.97193703,2025-05-06,2038-11-15,13.30250559270794,66.5125279635397
ER201TTR3,2025-05-05,2038-11-16,13.307305881835408,66.53652940917704,2025-05-05,2038-11-16,14.63381246,73.16906229,2025-05-06,2038-11-16,13.335714687485645,66.67857343742823
ER201TTR4,2025-05-05,2038-11-16,13.336626435380015,66.68313217690009,2025-05-05,2038-11-16,14.59931554,72.99657769,2025-05-06,2038-11-16,13.337189025603632,66.68594512801815
ER201TTR5,2025-05-05,2038-11-26,13.359632601911764,66.79816300955882,2025-05-05,2038-11-26,14.61738535,73.08692676,2025-05-06,2038-11-26,13.360056323822985,66.80028161911493
ER201WG1,2025-05-05,2023-05-12,0.6185094325329286,12.370188650658571,2025-05-05,2023-05-12,0.0,0.0,2025-05-06,2023-05-12,0.1030835885409504,2.061671770819009
ER201WG2,2025-05-05,2023-07-12,0.7711892872982595,15.42378574596519,2025-05-05,2023-07-12,0.0,0.0,2025-05-06,2023-07-12,0.2537591842789441,5.075183685578883
ER201WG3,2025-05-05,2023-10-25,1.042549721214674,20.85099442429348,2025-05-05,2023-10-25,0.0,0.0,2025-05-06,2023-10-25,0.513963648476103,10.27927296952206
ER201WG4,2025-05-05,2023-10-25,1.0423819586678371,20.847639173356747,2025-05-05,2023-10-25,0.0,0.0,2025-05-06,2023-10-25,0.5139471468370647,10.278942936741291
ER201WG5,2025-05-05,2023-10-25,1.040457403978588,20.80914807957176,2025-05-05,2023-10-25,0.0,0.0,2025-05-06,2023-10-25,0.512632314473787,10.25264628947574
TC101DCTZT1,2025-05-05,2028-03-26,4.452805715364407,44.52805715364407,2025-05-05,2028-03-26,1.095140315,10.95140315,2025-05-06,2028-03-26,4.303974598538527,43.03974598538528
TC101FTVVEF191,2025-05-05,2025-03-05,2.031964717204788,29.028067388639823,2025-05-05,2025-03-05,0.87816564,12.54522343,2025-05-06,2025-03-05,1.6265566576127202,23.236523680181715
TC101PAMRJM31,2025-05-05,2025-01-03,0.6842408154755484,9.774868792507831,2025-05-05,2025-01-03,0.531690623,7.595580327,2025-05-06,2025-01-03,1.7781842877244816,25.402632681778307
TC101SPC1,2025-05-05,2039-02-16,13.632690844203948,68.16345422101973,2025-05-05,2039-02-16,14.73347023,73.66735113,2025-05-06,2039-02-16,13.562695660986403,67.81347830493202
TC101SPC2,2025-05-05,2039-09-02,14.13729858345643,70.68649291728215,2025-05-05,2039-09-02,15.17152635,75.85763176,2025-05-06,2039-09-02,14.08503596660162,70.4251798330081
TC101SPC3,2025-05-05,2040-03-06,14.292608685425794,71.46304342712897,2025-05-05,2040-03-06,15.74428474,78.72142368,2025-05-06,2040-03-06,14.328499664444871,71.64249832222437
TC101SPC4,2025-05-05,2040-03-12,14.538112913785184,72.69056456892591,2025-05-05,2040-03-12,15.64243669,78.21218344,2025-05-06,2040-03-12,14.522830509938697,72.61415254969347
